Date,AAPL,SPY,TSLA,XLB,XLC,XLE,XLF,XLI,XLK,XLP,XLRE,XLU,XLV,XLY
2020-01-02,72.27153778076172,296.1253662109375,28.68400001525879,26.66554832458496,50.91965103149414,23.188858032226562,27.54647445678711,74.96610260009766,44.241424560546875,52.624794006347656,30.745229721069336,26.0982723236084,91.90079498291016,60.035560607910156
2020-01-03,71.56893157958984,293.8829040527344,29.534000396728516,26.23503875732422,50.5911865234375,23.119951248168945,27.25399398803711,74.82158660888672,43.74401092529297,52.540565490722656,30.9704647064209,26.151443481445312,91.09992980957031,59.52465057373047
2020-01-06,72.13920593261719,295.00408935546875,30.1026668548584,26.12081527709961,51.26686096191406,23.299861907958984,27.23626708984375,74.84870147705078,43.848236083984375,52.65005874633789,30.978511810302734,26.175981521606445,91.66681671142578,59.69022750854492
2020-01-07,71.79991149902344,294.1745910644531,31.270666122436523,26.090065002441406,51.332550048828125,23.23861312866211,27.05900764465332,74.69518280029297,43.82927322387695,52.24576950073242,30.640647888183594,26.13916778564453,91.48685455322266,59.595611572265625
2020-01-08,72.95490264892578,295.7424011230469,32.80933380126953,26.18231964111328,51.69853973388672,22.855836868286133,27.23626708984375,74.94803619384766,44.29827880859375,52.43948745727539,30.793479919433594,26.12689971923828,92.08075714111328,59.77537536621094
2020-01-09,74.50453186035156,297.7477722167969,32.089332580566406,26.278963088989258,51.97068786621094,23.02425765991211,27.4046688079834,75.26411437988281,44.80043029785156,52.81009292602539,30.785442352294922,26.270050048828125,92.4766845703125,60.09232711791992
2020-01-10,74.6729736328125,296.8909912109375,31.876667022705078,26.173534393310547,51.76423645019531,22.894113540649414,27.200815200805664,74.73130798339844,44.696205139160156,52.776390075683594,31.083084106445312,26.339582443237305,92.50370025634766,59.76591873168945
2020-01-13,76.26832580566406,298.93292236328125,34.990665435791016,26.51179313659668,52.252235412597656,22.90176773071289,27.386940002441406,75.34539794921875,45.25519943237305,53.121726989746094,31.46116065979004,26.499088287353516,92.17973327636719,59.95513153076172
2020-01-14,75.23843383789062,298.47698974609375,35.861331939697266,26.401968002319336,52.120845794677734,22.905597686767578,27.333763122558594,75.35444641113281,45.042030334472656,53.138572692871094,31.30832290649414,26.576797485351562,92.73765563964844,59.93621826171875
2020-01-15,74.916015625,299.1515197753906,34.56666564941406,26.582075119018555,52.37421798706055,22.737173080444336,27.183088302612305,75.4718246459961,45.09414291381836,53.51759338378906,31.525522232055664,26.94898796081543,93.5384750366211,59.799034118652344
2020-01-16,75.85443115234375,301.6400146484375,34.232666015625,26.740232467651367,52.77775955200195,22.775449752807617,27.42239761352539,76.2214126586914,45.700504302978516,53.6607780456543,31.807071685791016,27.116682052612305,94.0244140625,60.33357620239258
2020-01-17,76.69422149658203,302.5788879394531,34.03333282470703,26.858835220336914,53.19065856933594,22.629993438720703,27.502164840698242,76.23046875,46.0084342956543,53.75342559814453,31.847293853759766,27.3048152923584,94.0244140625,60.54644775390625
2020-01-21,76.17449188232422,301.9862976074219,36.47999954223633,26.568897247314453,53.143733978271484,22.2242488861084,27.2717227935791,75.39054870605469,45.989501953125,53.93872833251953,32.16905975341797,27.554309844970703,94.12339782714844,60.36196517944336
2020-01-22,76.44635009765625,302.0228271484375,37.97066879272461,26.463472366333008,53.11557388305664,22.0098876953125,27.35149383544922,74.99320220947266,46.155277252197266,53.9808349609375,31.911638259887695,27.640201568603516,94.2403793334961,60.33357620239258
2020-01-23,76.81452941894531,302.3692321777344,38.14666748046875,26.432714462280273,52.89974594116211,21.92567253112793,27.280588150024414,75.80599975585938,46.37320327758789,53.93031692504883,32.21733093261719,27.885601043701172,93.76345825195312,60.423465728759766
2020-01-24,76.5931625366211,299.68017578125,37.654666900634766,26.243820190429688,52.26162338256836,21.673038482666016,26.93492317199707,75.45378112792969,46.155277252197266,53.55971145629883,32.16905975341797,27.95921516418457,92.19773864746094,59.58141326904297
2020-01-27,74.34091186523438,294.8765869140625,37.201332092285156,25.677120208740234,51.445159912109375,21.07207489013672,26.518360137939453,74.02690887451172,45.056243896484375,53.39125442504883,32.03230285644531,27.889690399169922,91.49586486816406,58.692073822021484
2020-01-28,76.44397735595703,297.9665832519531,37.793331146240234,25.96706199645996,52.03639221191406,21.167776107788086,26.82856559753418,74.50550842285156,45.918426513671875,53.45863342285156,32.11274719238281,28.004213333129883,91.94578552246094,59.26447677612305
2020-01-29,78.04412078857422,297.720458984375,38.732666015625,26.05052375793457,51.95191955566406,20.945758819580078,26.78425407409668,74.90289306640625,46.036865234375,53.189109802246094,31.94382095336914,28.07782745361328,91.69385528564453,59.231353759765625
2020-01-30,77.9310302734375,298.6866149902344,42.72066879272461,25.887985229492188,51.42639923095703,21.114185333251953,27.121047973632812,74.98414611816406,46.434791564941406,53.820804595947266,32.01621627807617,28.339590072631836,91.02794647216797,59.132022857666016
2020-01-31,74.47565460205078,293.2630920410156,43.371334075927734,25.31689453125,50.5911865234375,20.455799102783203,26.55381202697754,73.25020599365234,45.160465240478516,53.214378356933594,31.557693481445312,28.212791442871094,89.21025085449219,59.283390045166016
2020-02-03,74.27112579345703,295.441650390625,52.0,25.84844970703125,51.19178009033203,20.18785285949707,26.739940643310547,73.2231216430664,45.757354736328125,53.214378356933594,31.589866638183594,28.302783966064453,90.02010345458984,59.70442199707031
2020-02-04,76.72310638427734,299.9446105957031,59.137332916259766,26.305316925048828,51.72669982910156,20.260578155517578,26.996965408325195,74.60484313964844,46.95589065551758,53.53444290161133,32.00012969970703,28.020572662353516,91.60382843017578,60.792449951171875
2020-02-05,77.3487319946289,303.40838623046875,48.97999954223633,26.792945861816406,51.8111572265625,21.022314071655273,27.537614822387695,75.85111999511719,47.230655670166016,53.963993072509766,31.97599983215332,28.135093688964844,93.3675308227539,61.09994125366211
2020-02-06,78.25346374511719,304.42926025390625,49.930667877197266,26.77976417541504,52.45866775512695,20.807958602905273,27.502164840698242,76.09497833251953,47.661746978759766,54.056640625,32.11274719238281,28.143268585205078,93.4485092163086,60.96274185180664
2020-02-07,77.1897964477539,302.80670166015625,49.871334075927734,26.3975772857666,52.421142578125,20.66250228881836,27.4046688079834,75.54409790039062,47.22591781616211,54.124027252197266,32.12883758544922,28.05329132080078,92.71965026855469,60.697837829589844
2020-02-10,77.55640411376953,305.0672607421875,51.41866683959961,26.3843994140625,52.73082733154297,20.559154510498047,27.48443603515625,75.96855926513672,47.86544418334961,54.351444244384766,32.49887466430664,28.159626007080078,93.21454620361328,61.383758544921875
2020-02-11,77.0884780883789,305.595947265625,51.62533187866211,26.529359817504883,52.674522399902344,20.788814544677734,27.58193016052246,76.25753021240234,47.704376220703125,54.1492919921875,32.89303970336914,28.261871337890625,93.77244567871094,61.86627960205078
2020-02-12,78.91917419433594,307.5649108886719,51.15266799926758,26.674335479736328,53.359580993652344,21.068246841430664,27.599653244018555,76.97097778320312,48.220741271972656,54.124027252197266,33.102195739746094,28.282323837280273,93.88944244384766,62.50018310546875
2020-02-13,78.357177734375,307.2367248535156,53.599998474121094,26.577688217163086,53.368961334228516,21.003175735473633,27.590791702270508,76.53749084472656,48.09283447265625,54.44408416748047,33.303306579589844,28.59726333618164,93.4485092163086,62.3913688659668
2020-02-14,78.37649536132812,307.72894287109375,53.33533477783203,26.582075119018555,53.43465805053711,20.892168045043945,27.626249313354492,76.43814849853516,48.301273345947266,54.570411682128906,33.68942642211914,28.789478302001953,93.52052307128906,62.29676055908203
2020-02-18,76.94134521484375,306.9358825683594,57.22666549682617,26.51618194580078,53.791263580322266,20.719921112060547,27.386940002441406,76.0046615600586,48.12126541137695,54.3766975402832,33.657249450683594,29.03079605102539,93.18757629394531,62.29204177856445
2020-02-19,78.0556869506836,308.40350341796875,61.16133117675781,26.586475372314453,54.035247802734375,20.99551773071289,27.590791702270508,75.97758483886719,48.6944694519043,54.317752838134766,33.18264389038086,28.715866088867188,93.61947631835938,62.571144104003906
2020-02-20,77.2549057006836,307.1363830566406,59.96066665649414,26.630403518676758,53.48157501220703,20.972553253173828,27.537614822387695,75.86919403076172,48.18758773803711,54.35985565185547,33.55267333984375,28.818117141723633,93.0166015625,62.59479522705078
2020-02-21,75.50624084472656,303.9735412597656,60.06666564941406,26.50739860534668,52.66513442993164,20.723745346069336,27.2717227935791,75.48987579345703,47.107479095458984,54.45250701904297,33.729652404785156,28.76494598388672,93.07058715820312,61.63922119140625
2020-02-24,71.919677734375,293.89202880859375,55.58599853515625,25.760589599609375,50.90087127685547,19.76679039001465,26.38541030883789,73.34052276611328,45.160465240478516,53.197540283203125,33.27916717529297,28.429574966430664,90.1370849609375,59.51992416381836
2020-02-25,69.48357391357422,284.98651123046875,53.32733154296875,24.64915657043457,49.54012680053711,18.894052505493164,25.4902400970459,70.35128021240234,43.7155876159668,52.23734664916992,32.44256591796875,27.832426071166992,87.40156555175781,57.93046188354492
2020-02-26,70.58586120605469,283.9383239746094,51.91999816894531,24.565683364868164,49.446292877197266,18.323711395263672,25.304121017456055,69.8184585571289,43.9145622253418,51.94255447387695,32.161014556884766,27.550216674804688,87.39258575439453,57.471588134765625
2020-02-27,65.97178649902344,271.1861572265625,45.266666412353516,23.414722442626953,47.49434280395508,17.343791961669922,24.222820281982422,67.22657012939453,41.54591751098633,49.828468322753906,30.3430118560791,26.31095314025879,84.42312622070312,55.148895263671875
2020-02-28,65.93321228027344,270.0467224121094,44.53266525268555,23.159934997558594,47.635108947753906,17.32848358154297,23.566944122314453,65.99834442138672,41.86331558227539,48.8430061340332,29.594892501831055,25.431602478027344,83.33430480957031,54.794090270996094
2020-03-02,72.07160949707031,281.7414245605469,49.574668884277344,24.15275001525879,49.286746978759766,18.028968811035156,24.772329330444336,68.31930541992188,44.284061431884766,51.45404815673828,31.066999435424805,26.92854118347168,87.23960876464844,56.67685317993164
2020-03-03,69.78267669677734,273.6745300292969,49.70066833496094,23.94188690185547,47.66325759887695,17.47776222229004,23.841707229614258,66.64857482910156,42.60232162475586,50.75495910644531,31.042863845825195,26.597246170043945,85.07098388671875,55.30499267578125
2020-03-04,73.01953125,285.1779479980469,49.96666717529297,24.934703826904297,49.38059997558594,17.891172409057617,24.630516052246094,69.40303802490234,44.4309196472168,53.248069763183594,32.24950408935547,28.106464385986328,89.97512817382812,57.21614074707031
2020-03-05,70.65099334716797,275.6981201171875,48.30266571044922,24.143964767456055,47.57880401611328,17.236614227294922,23.44287109375,66.00737762451172,43.028682708740234,52.24576950073242,31.509429931640625,27.672922134399414,87.88748931884766,55.08266830444336
2020-03-06,69.71272277832031,271.1405029296875,46.89866638183594,23.515762329101562,46.75297546386719,16.268177032470703,22.645187377929688,65.42938995361328,42.11912155151367,51.83305740356445,30.9704647064209,27.44797134399414,87.4195785522461,54.23588943481445
2020-03-09,64.19900512695312,249.9658966064453,40.53333282470703,21.31486701965332,43.63736343383789,12.991576194763184,20.216705322265625,59.396705627441406,38.921470642089844,49.57578659057617,28.782419204711914,25.955120086669922,82.8753890991211,50.8204345703125
2020-03-10,68.82269287109375,262.90045166015625,43.02199935913086,22.18029022216797,45.86146545410156,13.607848167419434,21.404356002807617,62.47629165649414,41.51749038696289,50.99920654296875,30.1821231842041,26.196428298950195,85.71888732910156,53.63037109375
2020-03-11,66.43245697021484,250.08444213867188,42.28200149536133,21.1259708404541,43.89073181152344,12.888223648071289,20.243295669555664,58.809688568115234,39.55625534057617,48.49768829345703,28.565221786499023,24.879451751708984,82.4434585571289,50.69743728637695
2020-03-12,59.87195587158203,226.15707397460938,37.369998931884766,19.092010498046875,39.77101135253906,11.280545234680176,18.054115295410156,52.72282028198242,35.69538497924805,43.9410285949707,26.111719131469727,22.368192672729492,76.2885513305664,45.57421875
2020-03-13,67.04511260986328,245.4903564453125,36.44133377075195,20.431869506835938,43.34645080566406,12.321709632873535,20.429420471191406,56.840938568115234,39.88314437866211,47.680686950683594,28.404346466064453,23.587013244628906,81.5796127319336,48.39364242553711
2020-03-16,58.41996383666992,218.62791442871094,29.67133331298828,18.18265151977539,38.457191467285156,10.645129203796387,17.62868309020996,50.392822265625,34.373680114746094,44.44639587402344,23.859317779541016,20.908061981201172,73.5350341796875,42.2628288269043
2020-03-17,60.98869323730469,230.43206787109375,28.68000030517578,19.3072566986084,40.127601623535156,10.717859268188477,18.585893630981445,52.71377944946289,36.713905334472656,48.19447708129883,25.307289123535156,23.58292007446289,78.15120697021484,43.8901481628418
2020-03-18,59.49567413330078,218.7646484375,24.08133316040039,18.07282829284668,38.79502487182617,9.179079055786133,17.00826072692871,48.83046340942383,35.33061599731445,46.95633316040039,23.52950668334961,22.55633544921875,75.55965423583984,41.3687629699707
2020-03-19,59.039833068847656,219.22950744628906,28.50933265686035,18.534090042114258,39.489471435546875,9.80301284790039,17.380517959594727,48.86658477783203,35.45852279663086,45.38972854614258,23.159473419189453,21.24344253540039,74.01193237304688,42.811580657958984
2020-03-20,55.291648864746094,209.78199768066406,28.50200080871582,17.87074851989746,37.743980407714844,9.898709297180176,16.76009750366211,46.41920471191406,33.8336296081543,42.45021057128906,21.848251342773438,19.558364868164062,71.16844177246094,41.5390625
2020-03-23,54.11703109741211,204.4182586669922,28.952667236328125,16.95974349975586,37.94442367553711,9.224027633666992,15.784937858581543,44.386009216308594,33.52458190917969,41.1939811706543,20.634193420410156,18.560333251953125,67.4720458984375,41.60751724243164
2020-03-24,59.54633331298828,222.93922424316406,33.66666793823242,18.9542293548584,40.27830123901367,10.703313827514648,17.74241828918457,50.00139236450195,36.957984924316406,43.29476547241211,22.43340492248535,20.555574417114258,72.6712417602539,45.51015853881836
2020-03-25,59.21830368041992,226.27667236328125,35.95000076293945,19.396459579467773,39.657188415527344,11.208150863647461,18.22507667541504,52.631595611572266,36.910362243652344,43.176177978515625,23.43026351928711,21.0802059173584,73.63874816894531,46.30873489379883
2020-03-26,62.33454895019531,239.4889373779297,35.21066665649414,20.307470321655273,41.91578674316406,11.893007278442383,19.369173049926758,55.95349884033203,39.19613265991211,45.539554595947266,25.22947120666504,22.87716293334961,78.530517578125,48.22441101074219
2020-03-27,59.7537727355957,232.35557556152344,34.29066848754883,19.573352813720703,40.24066162109375,11.086835861206055,18.779247283935547,53.59633255004883,37.42466735839844,45.327781677246094,25.294309616088867,23.001094818115234,76.84866333007812,46.608211517333984
2020-03-30,61.45903015136719,239.90147399902344,33.47533416748047,20.196908950805664,41.70874786376953,11.200325012207031,19.136775970458984,54.37900924682617,39.00089645385742,47.09818649291992,25.95077896118164,23.852067947387695,80.44741821289062,47.582672119140625
2020-03-31,61.33359909057617,236.32566833496094,34.93333435058594,19.91830062866211,41.63346862792969,11.372516632080078,18.609418869018555,53.70552444458008,38.27230453491211,46.1409797668457,25.12411117553711,22.889558792114258,80.09479522705078,46.622467041015625
2020-04-01,58.106407165527344,225.68980407714844,32.104000091552734,19.02056312561035,39.97715377807617,10.808978080749512,17.47426414489746,51.28463363647461,36.448448181152344,45.36164855957031,23.600460052490234,21.51395606994629,77.04761505126953,44.54042434692383
2020-04-02,59.07599639892578,230.897705078125,30.29800033569336,19.308013916015625,40.48534393310547,11.79908561706543,17.9122371673584,51.96721649169922,37.30085372924805,46.52217483520508,23.948955535888672,22.187297821044922,79.1815414428711,44.706809997558594
2020-04-03,58.22700500488281,227.5602569580078,32.000667572021484,18.84366798400879,39.666603088378906,11.67385482788086,17.554710388183594,51.275550842285156,36.72465133666992,46.88642883300781,23.746341705322266,21.394155502319336,78.46723175048828,43.92723846435547
2020-04-06,63.30659103393555,242.84466552734375,34.41600036621094,20.245553970336914,42.282814025878906,12.292183876037598,18.81499481201172,54.8249626159668,39.85805130004883,48.63142776489258,25.464502334594727,23.046533584594727,82.58136749267578,47.582672119140625
2020-04-07,62.57333755493164,243.09225463867188,36.36333465576172,20.78508186340332,42.593353271484375,12.554384231567383,19.002704620361328,54.69754409790039,39.50090026855469,48.072349548339844,25.472612380981445,22.75737190246582,81.9032211303711,48.29094696044922
2020-04-08,64.17489624023438,251.25244140625,36.589332580566406,21.802223205566406,43.506221771240234,13.391863822937012,19.83396339416504,56.68159103393555,40.56283187866211,48.78390121459961,27.385284423828125,23.996652603149414,85.27588653564453,49.812076568603516
2020-04-09,64.63799285888672,255.0758514404297,38.20000076293945,22.739763259887695,43.8261833190918,13.270545959472656,20.89760971069336,57.537086486816406,40.572357177734375,49.2413330078125,28.795473098754883,25.128528594970703,85.74610137939453,50.71049880981445
2020-04-13,65.90667724609375,252.7469940185547,43.39666748046875,22.240039825439453,43.892059326171875,13.227497100830078,20.137863159179688,55.853389739990234,40.662841796875,48.87709045410156,27.47443389892578,24.331260681152344,84.99561309814453,50.69623565673828
2020-04-14,69.23517608642578,260.201171875,47.32600021362305,22.52749252319336,45.19074630737305,13.164880752563477,20.227243423461914,56.918216705322266,42.367637634277344,50.95246124267578,28.390243530273438,25.04591178894043,87.81673431396484,52.6784553527832
2020-04-15,68.60321807861328,254.67242431640625,48.65533447265625,21.492660522460938,44.76726150512695,12.546554565429688,19.35129737854004,55.34372329711914,41.44380187988281,50.14772415161133,27.29613494873047,24.2197208404541,87.36463928222656,51.52333450317383
2020-04-16,69.14834594726562,255.90098571777344,49.680667877197266,21.368837356567383,44.946075439453125,12.010412216186523,19.011642456054688,54.852272033691406,41.94856262207031,50.478084564208984,27.11783218383789,24.223852157592773,89.27251434326172,52.141300201416016
2020-04-17,68.21009826660156,262.81427001953125,50.259334564208984,22.226774215698242,45.557769775390625,13.286199569702148,20.012720108032227,57.42787170410156,42.505733489990234,51.24892807006836,27.99311637878418,25.004600524902344,91.12615203857422,53.68144226074219
2020-04-20,66.79425048828125,258.1840515136719,49.75733184814453,21.678396224975586,45.14369583129883,12.871370315551758,19.664134979248047,55.898895263671875,41.82476806640625,50.240901947021484,26.955738067626953,24.05861473083496,90.40277099609375,52.744998931884766
2020-04-21,64.72962188720703,250.34475708007812,45.781333923339844,21.143295288085938,43.7226676940918,12.644392013549805,19.02952003479004,54.579246520996094,40.07235336303711,49.1735725402832,26.55862045288086,23.662044525146484,87.65396881103516,51.375972747802734
2020-04-22,66.59408569335938,255.90098571777344,48.807334899902344,21.558996200561523,44.899009704589844,13.094438552856445,19.2351016998291,55.1525993347168,41.615234375,49.64793395996094,27.020584106445312,24.35190773010254,88.99219512939453,52.483558654785156
2020-04-23,66.33600616455078,255.8826904296875,47.04199981689453,21.709354400634766,45.21897506713867,13.517096519470215,19.15465545654297,55.58946228027344,41.32951736450195,49.20745086669922,26.712608337402344,23.942949295043945,89.48048400878906,52.46929168701172
2020-04-24,68.2510986328125,259.4493103027344,48.34333419799805,22.049880981445312,45.79304504394531,13.54840087890625,19.43174171447754,56.03540802001953,42.205726623535156,49.73265075683594,26.809864044189453,24.09166717529297,90.68307495117188,53.358192443847656
2020-04-27,68.29933166503906,263.19024658203125,53.25,22.638051986694336,46.16948318481445,13.841909408569336,20.093164443969727,57.42787170410156,42.5676383972168,49.87665557861328,27.58789825439453,24.343645095825195,91.8495101928711,54.35642623901367
2020-04-28,67.19223022460938,261.97991943359375,51.27466583251953,23.058170318603516,45.331912994384766,14.158902168273926,20.307687759399414,58.501800537109375,42.00094985961914,50.15619659423828,27.612211227416992,24.43453025817871,89.99586486816406,54.57033920288086
2020-04-29,69.399169921875,268.8381652832031,53.367332458496094,23.646350860595703,47.524635314941406,15.207712173461914,20.89760971069336,59.62123107910156,43.724815368652344,49.944419860839844,27.68515396118164,24.21146011352539,90.59263610839844,55.772979736328125
2020-04-30,70.86322784423828,266.3351135253906,52.12533187866211,22.943187713623047,47.317596435546875,14.871149063110352,20.370254516601562,58.43810272216797,43.52956771850586,49.35146713256836,27.49064064025879,23.653785705566406,90.17672729492188,55.42597198486328
2020-05-01,69.72238159179688,259.2842712402344,46.75466537475586,22.461153030395508,46.658843994140625,14.02975845336914,19.717763900756836,56.672481536865234,42.33430099487305,48.80931854248047,26.64777374267578,23.083711624145508,88.4587173461914,53.35343933105469
2020-05-04,70.70887756347656,259.99945068359375,50.74599838256836,22.540761947631836,46.931758880615234,14.515026092529297,19.538999557495117,55.95349884033203,42.89622116088867,48.78390121459961,26.631555557250977,23.257211685180664,88.41352844238281,53.64340591430664
2020-05-05,71.77012634277344,262.4016418457031,51.2140007019043,22.59825325012207,47.17643356323242,14.526764869689941,19.47643280029297,56.17192459106445,43.4867057800293,48.826263427734375,26.8017578125,23.447237014770508,90.33042907714844,53.83831024169922
2020-05-06,72.51061248779297,260.6228942871094,52.172000885009766,22.209083557128906,47.04469299316406,14.147163391113281,19.056331634521484,55.39832305908203,43.82481002807617,48.29259490966797,26.307382583618164,22.649965286254883,89.4352798461914,53.82878875732422
2020-05-07,73.26071166992188,263.7678527832031,52.00266647338867,22.664587020874023,47.92930221557617,14.515026092529297,19.50324821472168,56.04450607299805,44.48197555541992,48.15707015991211,26.542409896850586,22.740840911865234,89.42622375488281,54.674922943115234
2020-05-08,75.00445556640625,268.1322021484375,54.62799835205078,23.20853042602539,48.804508209228516,15.176399230957031,19.9233455657959,57.43696594238281,45.134361267089844,49.23286437988281,27.02867889404297,23.199382781982422,89.88735961914062,55.739715576171875
2020-05-11,76.18468475341797,268.1871643066406,54.08599853515625,22.854751586914062,48.832740783691406,14.910285949707031,19.538999557495117,56.717994689941406,45.434383392333984,49.165103912353516,26.704498291015625,23.100236892700195,91.4335708618164,55.616119384765625
2020-05-12,75.31401062011719,262.8418273925781,53.96066665649414,22.505380630493164,47.88225555419922,14.648080825805664,19.02952003479004,55.12529373168945,44.49625778198242,48.750022888183594,25.569866180419922,22.897823333740234,90.04109954833984,54.39922332763672
2020-05-13,74.40465545654297,258.1932067871094,52.73066711425781,22.032190322875977,47.063499450683594,13.982793807983398,18.46640968322754,53.74193572998047,43.72956085205078,48.309532165527344,25.164636611938477,22.70366668701172,89.0645523071289,53.46278762817383
2020-05-14,74.86176300048828,261.2831115722656,53.55533218383789,22.30194854736328,47.57168960571289,14.139335632324219,18.940134048461914,54.30620193481445,44.28672790527344,48.19093704223633,25.197053909301758,22.947391510009766,90.04109954833984,54.26136779785156
2020-05-15,74.41915893554688,262.4842224121094,53.27799987792969,22.496536254882812,48.23045349121094,14.08454418182373,18.81499481201172,54.115074157714844,44.51054382324219,48.61448669433594,25.107900619506836,22.641700744628906,90.80061340332031,54.893577575683594
2020-05-18,76.17256164550781,270.4793701171875,54.242000579833984,23.522520065307617,49.246822357177734,15.235103607177734,19.780332565307617,57.68271255493164,45.601043701171875,49.385337829589844,26.33169937133789,23.57115936279297,91.55111694335938,56.97087097167969
2020-05-19,75.73242950439453,267.7012939453125,53.867332458496094,23.29698371887207,49.23740005493164,14.8085355758667,19.297670364379883,56.945526123046875,45.434383392333984,48.47895050048828,25.82110595703125,23.18285369873047,90.44796752929688,56.766475677490234
2020-05-20,77.20526123046875,272.24896240234375,54.37066650390625,23.668460845947266,50.60197830200195,15.399466514587402,19.726701736450195,58.010345458984375,46.42961883544922,49.05497741699219,26.064247131347656,23.310916900634766,90.5564956665039,57.50802230834961
2020-05-21,76.62966918945312,270.369384765625,55.17333221435547,23.442920684814453,50.24435806274414,15.15291690826416,19.664134979248047,58.14685821533203,45.78199768066406,48.512847900390625,25.934568405151367,23.07545280456543,89.88735961914062,57.712425231933594
2020-05-22,77.12303924560547,270.8829040527344,54.45866775512695,23.407543182373047,50.54551315307617,15.05899429321289,19.592626571655273,58.10135269165039,45.948673248291016,48.68225860595703,26.501890182495117,23.331567764282227,90.0772705078125,57.626853942871094
2020-05-26,76.60064697265625,274.22021484375,54.591331481933594,24.048784255981445,50.686668395996094,15.477733612060547,20.61158561706543,60.54044723510742,45.90105438232422,48.94485092163086,27.344764709472656,23.484413146972656,89.91448974609375,58.539527893066406
2020-05-27,76.93438720703125,278.3003234863281,54.68199920654297,24.292011260986328,51.04427719116211,15.677327156066895,21.505407333374023,62.56088638305664,46.1629753112793,49.68181228637695,27.928285598754883,23.765316009521484,90.8458251953125,59.54252624511719
2020-05-28,76.96824645996094,277.78692626953125,53.72066879272461,24.51755142211914,50.564327239990234,15.239014625549316,21.165760040283203,61.969303131103516,46.072486877441406,50.1223030090332,28.244361877441406,24.46758270263672,92.03033447265625,58.81999206542969
2020-05-29,76.8932876586914,279.024658203125,55.66666793823242,24.521974563598633,50.83725357055664,15.168571472167969,20.924421310424805,61.587059020996094,46.653446197509766,50.17313766479492,28.082277297973633,24.6575984954834,93.14252471923828,59.03390121459961
2020-06-01,77.83892822265625,280.1524658203125,59.87333297729492,24.690025329589844,51.420719146728516,15.434690475463867,21.165760040283203,61.72357940673828,46.63916778564453,50.52043914794922,28.641489028930664,24.950899124145508,92.22022247314453,59.59481430053711
2020-06-02,78.19925689697266,282.47222900390625,58.770668029785156,25.13668441772461,51.62776184082031,15.865168571472168,21.335590362548828,62.52448272705078,47.077274322509766,50.65597152709961,28.827892303466797,25.11200523376465,92.75369262695312,60.10343551635742
2020-06-03,78.62976837158203,286.23138427734375,58.86399841308594,25.70716667175293,51.78773880004883,16.330869674682617,22.13109016418457,64.96359252929688,47.443946838378906,50.72373962402344,29.516782760620117,25.413564682006836,92.57286071777344,61.23952102661133
2020-06-04,77.95259094238281,285.4795227050781,57.62533187866211,25.800039291381836,51.401893615722656,16.334789276123047,22.613752365112305,65.6552734375,47.0534553527832,50.478084564208984,28.96567153930664,24.95915985107422,91.84046173095703,60.930545806884766
2020-06-05,80.17276763916016,292.7962341308594,59.04399871826172,26.458969116210938,52.23945617675781,17.547958374023438,23.453950881958008,68.06705474853516,48.29157257080078,51.18117141723633,30.027372360229492,25.27724838256836,93.32337188720703,62.38987731933594
2020-06-08,80.64676666259766,296.3354187011719,63.327999114990234,26.494346618652344,53.21818542480469,18.338478088378906,23.900861740112305,69.43220520019531,48.53444290161133,51.731773376464844,30.683839797973633,25.954721450805664,93.96536254882812,63.340576171875
2020-06-09,83.19342041015625,294.1257019042969,62.711334228515625,26.171518325805664,53.086421966552734,17.64970588684082,23.39137840270996,67.7030029296875,48.763023376464844,51.30824279785156,30.32723617553711,25.434215545654297,92.98880767822266,62.84621810913086
2020-06-10,85.33377838134766,292.4845886230469,68.336669921875,25.875219345092773,52.92645263671875,16.780921936035156,22.515439987182617,66.0830078125,49.57732009887695,51.16423416137695,29.759918212890625,25.28550910949707,92.84415435791016,62.25677490234375
2020-06-11,81.23686981201172,275.623046875,64.85600280761719,23.876312255859375,50.48903274536133,15.199880599975586,20.67415428161621,61.44145965576172,46.73440170288086,49.224388122558594,27.920185089111328,24.2982120513916,87.68109893798828,58.9958610534668
2020-06-12,81.938232421875,278.923828125,62.35200119018555,24.34065818786621,50.93135452270508,15.583404541015625,21.299833297729492,62.63370132446289,47.33917999267578,49.23286437988281,28.80358123779297,24.236244201660156,88.2507553100586,59.580543518066406
2020-06-15,82.95158386230469,281.5277404785156,66.05999755859375,24.59715461730957,51.75009536743164,15.630365371704102,21.59479522705078,63.252559661865234,47.79633331298828,49.800411224365234,29.168285369873047,24.401485443115234,88.44967651367188,60.14622116088867
2020-06-16,85.14999389648438,286.9465637207031,65.47533416748047,25.11014747619629,52.17357635498047,16.080413818359375,21.934446334838867,64.49031066894531,48.815406799316406,50.579734802246094,29.654556274414062,24.513017654418945,90.62882232666016,61.41065216064453
2020-06-17,85.0314712524414,285.754638671875,66.11933135986328,24.902299880981445,52.23945617675781,15.532526016235352,21.60373306274414,64.02615356445312,48.80587387084961,50.503517150878906,29.306058883666992,24.438661575317383,90.53841400146484,61.24903869628906
2020-06-18,85.06536102294922,285.8646240234375,66.9306640625,24.919984817504883,52.40886306762695,15.724286079406738,21.576919555664062,63.78953552246094,49.02492904663086,50.76609802246094,28.941347122192383,24.43453025817871,90.23096466064453,61.02561950683594
2020-06-19,84.57923126220703,284.23101806640625,66.72666931152344,24.844810485839844,52.26769256591797,15.48556900024414,21.433910369873047,63.006832122802734,48.686832427978516,50.503517150878906,28.64959144592285,23.74880027770996,91.0990219116211,60.550270080566406
2020-06-22,86.7921371459961,286.0543518066406,66.28800201416016,24.93684959411621,52.382720947265625,15.557304382324219,21.327760696411133,63.11287307739258,49.604129791259766,50.35923385620117,28.567922592163086,23.980390548706055,90.7494125366211,61.172515869140625
2020-06-23,88.64469909667969,287.3712463378906,66.78533172607422,24.994661331176758,52.72220993041992,15.573162078857422,21.42671012878418,63.122032165527344,49.96226501464844,50.28239059448242,28.46175193786621,23.738794326782227,91.13987731933594,61.653743743896484
2020-06-24,87.0799331665039,280.0408630371094,64.0566635131836,24.265413284301758,51.534053802490234,14.709086418151855,20.671110153198242,60.92806625366211,48.83533477783203,49.43724060058594,27.73490333557129,23.52219009399414,88.76081848144531,60.29582977294922
2020-06-25,88.23596954345703,283.0429992675781,65.73200225830078,24.567781448364258,51.760353088378906,14.99050235748291,21.219820022583008,61.60454559326172,49.460872650146484,49.78724670410156,28.028907775878906,23.230609893798828,89.63252258300781,60.3768424987793
2020-06-26,85.52484893798828,276.3202819824219,63.982666015625,24.229833602905273,49.47834396362305,14.471267700195312,20.311296463012695,60.461849212646484,48.486751556396484,48.7713623046875,27.54705810546875,22.98485565185547,88.54287719726562,58.961753845214844
2020-06-29,87.49591827392578,280.3815612792969,67.29000091552734,24.701181411743164,50.39303207397461,14.665487289428711,20.536178588867188,62.445560455322266,49.016780853271484,49.6933479309082,28.020742416381836,23.418058395385742,89.34193420410156,60.0814208984375
2020-06-30,88.22630310058594,283.9729919433594,71.98733520507812,25.056909561157227,50.95882797241211,15.002397537231445,20.815034866333008,62.80207824707031,49.895408630371094,50.06044387817383,28.42908477783203,23.505537033081055,90.8674545288086,60.84852981567383
2020-07-01,88.05941772460938,285.9623107910156,74.64199829101562,25.110275268554688,52.222415924072266,14.637740135192871,20.635129928588867,62.5186767578125,49.976593017578125,50.103111267089844,29.204940795898438,24.05536460876465,91.566650390625,61.46316146850586
2020-07-02,88.05941772460938,287.5370178222656,80.57733154296875,25.581619262695312,52.05268859863281,14.800252914428711,20.662111282348633,63.05803298950195,50.26787567138672,50.35923385620117,29.10694122314453,24.11785125732422,92.25677490234375,61.70616149902344
2020-07-06,90.41502380371094,291.9757995605469,91.43866729736328,25.946245193481445,53.099395751953125,14.843849182128906,21.057899475097656,63.96305465698242,51.146507263183594,50.6068000793457,29.139610290527344,23.82210350036621,93.19204711914062,63.168880462646484
2020-07-07,90.13447570800781,288.96441650390625,92.65733337402344,25.95513343811035,52.94852066040039,14.372177124023438,20.626136779785156,62.73808288574219,50.61168670654297,51.06779098510742,28.665925979614258,23.72629737854004,92.38388061523438,62.1778450012207
2020-07-08,92.23370361328125,291.17462158203125,91.05867004394531,25.586061477661133,53.42000961303711,14.360284805297852,20.842018127441406,62.73808288574219,51.437782287597656,50.939727783203125,28.64959144592285,23.938737869262695,92.39295959472656,62.84012222290039
2020-07-09,92.63036346435547,289.5169982910156,92.9520034790039,25.345947265625,53.48602294921875,13.65079402923584,20.40125274658203,61.375999450683594,51.6240119934082,50.53850555419922,28.551586151123047,23.618003845214844,91.66653442382812,62.768653869628906
2020-07-10,92.79239654541016,292.47314453125,102.97666931152344,25.786169052124023,54.410152435302734,14.086795806884766,21.102882385253906,62.17132568359375,51.60969924926758,51.46903610229492,28.584259033203125,24.063697814941406,91.44861602783203,63.516700744628906
2020-07-13,92.36432647705078,289.9406433105469,99.80400085449219,25.786169052124023,53.31629180908203,14.011486053466797,21.192834854125977,62.42726516723633,50.54005813598633,51.39218521118164,28.13507652282715,24.088693618774414,91.9661865234375,62.71148681640625
2020-07-14,93.89281463623047,293.697998046875,101.12000274658203,26.435373306274414,53.844356536865234,14.50297737121582,21.300779342651367,63.78021240234375,51.12262725830078,52.1434440612793,28.412755966186523,24.31362533569336,93.79134368896484,63.33564376831055
2020-07-15,94.53854370117188,296.39617919921875,103.06732940673828,26.880043029785156,54.16496658325195,14.8161039352417,21.723556518554688,65.40739440917969,51.39957809448242,52.18613052368164,28.543426513671875,24.21782112121582,95.00811004638672,64.24092102050781
2020-07-16,93.37525939941406,295.4200439453125,100.04266357421875,26.968976974487305,54.25926971435547,14.7487211227417,21.723556518554688,65.4256820678711,50.76449203491211,52.29709243774414,28.208574295043945,24.52606201171875,94.8537368774414,64.06941223144531
2020-07-17,93.18659973144531,296.2764892578125,100.05599975585938,27.19575309753418,54.136680603027344,14.542609214782715,21.543649673461914,65.81877899169922,51.012794494628906,52.578819274902344,28.600597381591797,25.080060958862305,96.15225219726562,63.76921463012695
2020-07-20,95.1504135131836,298.67083740234375,109.53333282470703,26.9600830078125,54.787330627441406,14.300833702087402,21.4447021484375,65.01432800292969,52.31640625,52.04953384399414,28.331085205078125,24.75099754333496,96.13410949707031,64.78883361816406
2020-07-21,93.83715057373047,299.3063049316406,104.55733489990234,27.19575309753418,54.52330017089844,15.164905548095703,21.867475509643555,65.87360382080078,51.791141510009766,52.501991271972656,28.339256286621094,24.863462448120117,96.07051086425781,64.88890838623047
2020-07-22,94.10078430175781,301.0099792480469,106.15533447265625,27.511465072631836,54.57987594604492,14.978615760803223,21.867475509643555,66.40380859375,52.20659255981445,52.9202995300293,28.68225860595703,25.246681213378906,96.93315124511719,65.44635009765625
2020-07-23,89.817626953125,297.4184265136719,100.87133026123047,27.42698097229004,53.69348907470703,14.950867652893066,21.885469436645508,66.20271301269531,50.850440979003906,53.10811233520508,28.535249710083008,25.275842666625977,96.49730682373047,64.46484375
2020-07-24,89.59515380859375,295.5029296875,94.46666717529297,27.333602905273438,53.60860824584961,14.867630958557129,21.831497192382812,65.67250061035156,50.23446273803711,53.03982162475586,28.420913696289062,25.109222412109375,95.43489837646484,64.5792007446289
2020-07-27,91.71858215332031,297.6578674316406,102.63999938964844,27.72935676574707,53.976375579833984,14.88348388671875,21.65159034729004,65.94673156738281,51.02711868286133,53.30445098876953,28.755762100219727,24.805150985717773,96.15225219726562,64.97943878173828
2020-07-28,90.21188354492188,295.7700500488281,98.43267059326172,27.120161056518555,53.42000961303711,14.629814147949219,21.597623825073242,65.48968505859375,50.43022537231445,53.50080871582031,29.33561134338379,25.180036544799805,96.04328155517578,64.3362045288086
2020-07-29,91.94108581542969,299.4076232910156,99.94066619873047,27.34249496459961,53.910362243652344,14.935013771057129,22.002403259277344,66.486083984375,51.160831451416016,53.577632904052734,29.890968322753906,25.296667098999023,97.05120849609375,64.98894500732422
2020-07-30,93.0535888671875,298.3393249511719,99.16600036621094,26.813343048095703,54.06124496459961,14.348395347595215,21.606618881225586,65.81877899169922,51.44733810424805,53.577632904052734,29.64596176147461,25.296667098999023,96.37924194335938,64.9365234375
2020-07-31,102.79523468017578,300.6969299316406,95.38400268554688,26.840024948120117,54.815635681152344,14.281009674072266,21.615612030029297,65.57192993164062,52.73185348510742,53.52642059326172,29.61328887939453,25.338319778442383,95.82534790039062,65.27482604980469
2020-08-03,105.38543701171875,302.787353515625,99.0,26.688833236694336,54.862770080566406,14.33254337310791,21.678573608398438,65.84617614746094,54.03069305419922,53.38127899169922,29.139610290527344,25.063404083251953,96.81511688232422,65.13666534423828
2020-08-04,106.0892105102539,303.9569091796875,99.13333129882812,27.066804885864258,55.21168899536133,14.681342124938965,21.588626861572266,66.0107421875,54.169158935546875,54.04716873168945,29.572450637817383,25.338319778442383,96.38833618164062,65.66075897216797
2020-08-05,106.47376251220703,305.8448486328125,99.00133514404297,27.462554931640625,55.126808166503906,14.835921287536621,21.885469436645508,67.27224731445312,54.369720458984375,53.93619155883789,29.351945877075195,25.013412475585938,96.83326721191406,66.46121215820312
2020-08-06,110.18854522705078,307.8891906738281,99.30533599853516,27.346940994262695,56.57900619506836,14.717013359069824,21.8764705657959,67.5282211303711,55.13374328613281,53.92765426635742,29.409116744995117,25.159210205078125,96.31568908691406,66.78519439697266
2020-08-07,107.68331909179688,308.1103210449219,96.84733581542969,27.440317153930664,56.51300811767578,14.73682975769043,22.34422492980957,68.68006134033203,54.312408447265625,54.2179069519043,29.809297561645508,25.61324119567871,96.62442779541016,66.88525390625
2020-08-10,109.24848937988281,309.0310974121094,94.57133483886719,27.707117080688477,56.32439422607422,15.192647933959961,22.506141662597656,70.37125396728516,54.15961456298828,54.4996337890625,29.760295867919922,25.60491371154785,96.29753112792969,67.68570709228516
2020-08-11,105.99945068359375,306.480224609375,91.6259994506836,27.6582088470459,55.48515319824219,15.141125679016113,22.767005920410156,70.74602508544922,53.18547821044922,54.12400436401367,29.188608169555664,25.050907135009766,95.68915557861328,67.55229187011719
2020-08-12,109.52226257324219,310.75323486328125,103.65066528320312,27.82273292541504,56.14522933959961,15.291741371154785,22.70404052734375,70.97456359863281,54.39359664916992,54.82402420043945,29.556114196777344,25.413297653198242,97.29637145996094,68.44803619384766
2020-08-13,111.46053314208984,310.1914978027344,108.06666564941406,27.818283081054688,56.42813491821289,14.994467735290527,22.56011199951172,70.59977722167969,54.41746139526367,54.781341552734375,29.213106155395508,25.371646881103516,97.16924285888672,68.41944885253906
2020-08-14,111.36122131347656,310.2007141113281,110.04733276367188,27.84941291809082,56.418704986572266,15.137158393859863,22.650062561035156,70.87400817871094,54.379268646240234,54.77281188964844,29.286619186401367,25.150880813598633,96.97856140136719,68.41470336914062
2020-08-17,111.0704574584961,311.18609619140625,122.3759994506836,27.97391700744629,56.48471450805664,15.049960136413574,22.272266387939453,70.5448989868164,54.742183685302734,55.080142974853516,29.547958374023438,25.1175537109375,97.5506362915039,69.29613494873047
2020-08-18,111.99598693847656,311.8583984375,125.80599975585938,27.858308792114258,56.993927001953125,14.859707832336426,22.128337860107422,70.1609878540039,54.94751739501953,55.30209732055664,29.515295028686523,25.00508689880371,97.52338409423828,69.7249526977539
2020-08-19,112.1364974975586,310.55987548828125,125.23533630371094,27.77826499938965,56.83361053466797,14.689269065856934,22.11934471130371,69.97815704345703,54.88066101074219,54.8667106628418,28.910938262939453,24.930110931396484,97.20557403564453,69.39619445800781
2020-08-20,114.62477111816406,311.52685546875,133.45533752441406,27.680437088012695,57.54085159301758,14.372177124023438,21.912456512451172,69.60336303710938,55.61125946044922,54.7557258605957,29.22127342224121,24.709341049194336,96.8968505859375,69.29136657714844
2020-08-21,120.53167724609375,312.6319274902344,136.6653289794922,27.520360946655273,57.28624725341797,14.281009674072266,21.867475509643555,69.88673400878906,56.31797409057617,54.89232635498047,29.31928825378418,24.75099754333496,96.99673461914062,69.64872741699219
2020-08-24,121.9732666015625,315.7998962402344,134.27999877929688,28.00504493713379,57.98406219482422,14.673415184020996,22.389204025268555,71.14826202392578,56.8050422668457,55.361846923828125,29.360124588012695,24.967601776123047,96.5517807006836,70.70646667480469
2020-08-25,120.97262573242188,316.90496826171875,134.8893280029297,27.893878936767578,58.53098678588867,14.467300415039062,22.452171325683594,71.05684661865234,57.0915412902832,55.242332458496094,29.44995880126953,24.73017120361328,97.20557403564453,70.93992614746094
2020-08-26,122.61772918701172,320.0821838378906,143.54466247558594,28.187358856201172,60.53010940551758,14.162101745605469,22.34422492980957,71.09341430664062,58.25190353393555,55.31061935424805,29.24578285217285,24.455249786376953,97.0875244140625,71.64032745361328
2020-08-27,121.15190887451172,320.78204345703125,149.25,28.11176300048828,59.79458236694336,14.189849853515625,22.72202491760254,71.34937286376953,58.29965591430664,55.6521110534668,29.637794494628906,24.534391403198242,97.85028076171875,71.25439453125
2020-08-28,120.9556655883789,322.8540344238281,147.55999755859375,28.445262908935547,59.93601989746094,14.443519592285156,22.811983108520508,72.02584838867188,58.810604095458984,56.14725112915039,29.866464614868164,24.605205535888672,98.06822967529297,71.7213134765625
2020-08-31,125.05754089355469,321.68450927734375,166.10667419433594,28.009490966796875,59.65313720703125,14.130396842956543,22.5421199798584,71.12995910644531,58.996829986572266,55.985042572021484,29.60512924194336,24.680187225341797,98.30431365966797,71.51166534423828
2020-09-01,130.03892517089844,324.7143249511719,158.35000610351562,28.79655647277832,60.14348602294922,14.035266876220703,22.605087280273438,71.85214233398438,60.12376022338867,56.0448112487793,29.556114196777344,24.39693260192871,97.42351531982422,72.25972747802734
2020-09-02,127.3447036743164,329.4110412597656,149.1233367919922,29.450212478637695,61.425933837890625,13.967884063720703,22.928918838500977,73.04054260253906,60.65857696533203,57.06069564819336,30.2176456451416,25.155048370361328,99.37578582763672,73.26026916503906
2020-09-03,117.14937591552734,318.0745544433594,135.6666717529297,28.636472702026367,59.34195327758789,13.864831924438477,22.578105926513672,70.99285888671875,57.201377868652344,56.07896041870117,29.71129035949707,24.871793746948242,96.6698226928711,70.93516540527344
2020-09-04,117.22691345214844,315.4775390625,139.44000244140625,28.654258728027344,58.25751495361328,13.821233749389648,22.749013900756836,71.15738677978516,56.4039306640625,55.95089340209961,29.60512924194336,24.73017120361328,95.97972106933594,70.11566925048828
2020-09-08,109.33811950683594,306.8577575683594,110.06999969482422,28.116214752197266,56.720458984375,13.317846298217773,22.16431999206543,69.8227310180664,53.85400390625,54.77281188964844,29.229446411132812,24.592710494995117,94.39972686767578,69.1960678100586
2020-09-09,113.69924926757812,312.9174499511719,122.09333038330078,28.841018676757812,57.39939880371094,13.409012794494629,22.389204025268555,70.90143585205078,55.61125946044922,55.566734313964844,29.547958374023438,24.917613983154297,96.07051086425781,70.50157928466797
2020-09-10,109.9874496459961,307.4840087890625,123.77999877929688,28.56977653503418,56.55072021484375,12.917518615722656,22.074369430541992,69.9964370727539,54.35540008544922,54.883785247802734,29.131446838378906,24.488574981689453,94.5995101928711,69.49148559570312
2020-09-11,108.54342651367188,307.64056396484375,124.23999786376953,28.93439483642578,56.37154769897461,12.92940902709961,22.227285385131836,70.94717407226562,53.939964294433594,55.19112014770508,29.0334415435791,24.54688835144043,94.97178649902344,69.59630584716797
2020-09-14,111.79975128173828,311.692626953125,139.8733367919922,29.352384567260742,56.58843994140625,13.028501510620117,22.53312873840332,71.90699768066406,55.07167053222656,55.5496711730957,29.743959426879883,24.884288787841797,96.3338623046875,70.3348159790039
2020-09-15,111.97417449951172,313.26739501953125,149.9199981689453,29.494674682617188,57.59743118286133,12.933374404907227,22.227285385131836,71.95270538330078,55.61604309082031,55.47284698486328,30.13597297668457,25.050907135009766,96.46099090576172,70.91132354736328
2020-09-16,108.6694107055664,312.0240783691406,147.25332641601562,29.516908645629883,56.97505569458008,13.452611923217773,22.47916030883789,72.68404388427734,54.75651550292969,55.225276947021484,30.33197784423828,25.017589569091797,96.29753112792969,70.51587677001953
2020-09-17,106.93466186523438,309.2798156738281,141.14332580566406,29.734798431396484,55.92835235595703,13.472431182861328,22.245277404785156,72.8302993774414,54.30286407470703,54.87525177001953,29.662296295166016,24.8134765625,95.97972106933594,69.52484893798828
2020-09-18,103.54266357421875,305.7191467285156,147.38333129882812,29.223430633544922,55.39085388183594,13.32181167602539,22.20029640197754,72.01670837402344,53.366943359375,54.37157440185547,29.074270248413086,24.376108169555664,95.83443450927734,68.55763244628906
2020-09-21,106.68269348144531,302.31658935546875,149.79666137695312,28.239665985107422,54.74259567260742,12.88024616241455,21.64405632019043,69.62608337402344,53.810577392578125,53.956790924072266,28.29621124267578,24.22443962097168,94.06401824951172,67.56733703613281
2020-09-22,108.35931396484375,305.3955993652344,141.41000366210938,28.293277740478516,55.800968170166016,12.747296333312988,21.463157653808594,70.31438446044922,54.662418365478516,54.2745361328125,28.63306999206543,24.375686645507812,93.86344146728516,68.9949951171875
2020-09-23,103.81404113769531,298.31304931640625,126.78666687011719,27.462303161621094,54.468544006347656,12.171168327331543,20.983787536621094,69.05709838867188,52.958717346191406,53.45869064331055,27.811464309692383,24.001771926879883,92.8971176147461,67.86339569091797
2020-09-24,104.8801040649414,299.1083068847656,129.26333618164062,27.658876419067383,54.57250213623047,12.167141914367676,21.029008865356445,69.15804290771484,53.255428314208984,53.853736877441406,27.942916870117188,24.270652770996094,92.43215942382812,67.8347396850586
2020-09-25,108.8147964477539,303.9439392089844,135.77999877929688,27.90459442138672,55.30012893676758,12.159082412719727,21.246082305908203,70.1950454711914,54.5284309387207,54.13713073730469,28.485179901123047,24.66977310180664,93.91814422607422,68.71807098388672
2020-09-28,111.4120864868164,308.99224853515625,140.39999389648438,28.355825424194336,56.0372200012207,12.445130348205566,21.752588272094727,71.46149444580078,55.571720123291016,54.74685287475586,28.978139877319336,24.732797622680664,94.76598358154297,70.1552505493164
2020-09-29,110.56893157958984,307.3094787597656,139.69000244140625,28.145843505859375,56.09391403198242,12.102678298950195,21.48124885559082,70.82827758789062,55.385074615478516,54.386173248291016,28.830249786376953,24.724390029907227,94.64746856689453,69.61092376708984
2020-09-30,112.23584747314453,309.63946533203125,143.00332641601562,28.431774139404297,56.13170623779297,12.06641960144043,21.770679473876953,70.6447525024414,55.84928894042969,55.047420501708984,28.978139877319336,24.947059631347656,96.16081237792969,70.17913055419922
2020-10-01,113.18560791015625,311.6273498535156,149.3866729736328,28.029687881469727,56.93495178222656,11.69576358795166,21.806854248046875,70.43367767333984,56.43793869018555,55.35658264160156,29.45467758178711,25.19913101196289,95.83262634277344,71.09587097167969
2020-10-02,109.53195190429688,308.66864013671875,138.3633270263672,28.279874801635742,55.810420989990234,11.808572769165039,21.978702545166016,71.22291564941406,55.00700759887695,55.047420501708984,29.93121337890625,25.497426986694336,94.95743560791016,70.79507446289062
2020-10-05,112.9045639038086,314.1422424316406,141.89332580566406,28.820453643798828,56.72704315185547,12.16311264038086,22.340499877929688,72.3700180053711,56.213008880615234,55.41669845581055,30.095539093017578,25.816720962524414,96.90837097167969,71.73090362548828
2020-10-06,109.66764831542969,309.6764221191406,137.9933319091797,28.458576202392578,55.53638458251953,11.98181438446045,22.114377975463867,71.48902130126953,55.342002868652344,55.0560188293457,29.840835571289062,26.035184860229492,95.62294006347656,70.40352630615234
2020-10-07,111.52837371826172,315.06683349609375,141.76666259765625,29.191265106201172,55.942718505859375,12.151025772094727,22.485212326049805,73.06745147705078,56.35657501220703,55.64856719970703,29.922996520996094,26.19483184814453,97.42798614501953,72.01264190673828
2020-10-08,111.42178344726562,317.8592529296875,141.97332763671875,29.48611831665039,56.67034912109375,12.606287002563477,22.792728424072266,73.79244232177734,56.64850616455078,56.01785659790039,30.424177169799805,26.67377471923828,97.90206909179688,72.48534393310547
2020-10-09,113.36004638671875,320.69769287109375,144.6666717529297,29.713977813720703,57.01054382324219,12.404845237731934,22.819868087768555,74.06776428222656,57.51472091674805,56.455810546875,30.34202003479004,26.66957664489746,98.78636169433594,73.23974609375
2020-10-12,120.56072998046875,325.85699462890625,147.43333435058594,29.664827346801758,58.51305389404297,12.437076568603516,23.073118209838867,74.48992156982422,59.08442687988281,57.10849380493164,30.498123168945312,26.83762550354004,99.46095275878906,74.21378326416016
2020-10-13,117.36257934570312,323.7303466796875,148.88333129882812,29.40123748779297,58.56975555419922,12.24368953704834,22.629928588867188,73.66397857666016,58.70635986328125,57.06554412841797,29.98050880432129,26.652767181396484,98.70431518554688,74.199462890625
2020-10-14,117.44983673095703,321.6962585449219,153.76666259765625,29.48611831665039,57.87046813964844,12.296062469482422,22.41285514831543,74.07695770263672,58.395286560058594,56.77356719970703,29.63543701171875,26.619155883789062,98.12996673583984,73.37818908691406
2020-10-15,116.9846420288086,321.29864501953125,149.6266632080078,29.40123748779297,57.42633056640625,12.445130348205566,22.584699630737305,74.34308624267578,58.132076263427734,56.80791473388672,29.77510643005371,26.602354049682617,97.41887664794922,73.65036010742188
2020-10-16,115.34675598144531,321.1044921875,146.55667114257812,29.60674476623535,57.43577194213867,12.16311264038086,22.60279655456543,74.88452911376953,57.96458053588867,56.8250846862793,29.668296813964844,26.88804054260254,98.3852310180664,72.98189544677734
2020-10-19,112.4006118774414,316.2226257324219,143.61000061035156,29.262746810913086,56.40575408935547,11.905263900756836,22.25909423828125,73.95762634277344,56.90214920043945,56.0865364074707,29.199987411499023,26.661169052124023,96.8263168334961,72.0842514038086
2020-10-20,113.88336944580078,317.4893493652344,140.64666748046875,29.32975959777832,56.812095642089844,12.046274185180664,22.43998908996582,74.34308624267578,57.098350524902344,56.026432037353516,29.397167205810547,26.820816040039062,96.95391845703125,72.66199493408203
2020-10-21,113.26313018798828,316.8883361816406,140.8800048828125,29.218069076538086,57.76652908325195,11.816632270812988,22.322404861450195,73.59056091308594,57.012210845947266,56.07796859741211,29.290363311767578,26.749393463134766,96.47076416015625,72.26570129394531
2020-10-22,112.17768096923828,318.6265869140625,141.92999267578125,29.378902435302734,58.14451217651367,12.304121971130371,22.765596389770508,74.19623565673828,56.74421691894531,56.052188873291016,29.0849552154541,27.127511978149414,97.92940521240234,72.41371154785156
2020-10-23,111.4896240234375,319.7084045410156,140.2100067138672,29.48611831665039,58.69260025024414,12.24368953704834,22.83795928955078,74.48992156982422,56.6819953918457,56.15523910522461,29.273927688598633,27.2031307220459,98.29405975341797,73.04874420166016
2020-10-26,111.49932861328125,313.8001708984375,140.0933380126953,28.74896812438965,57.40743637084961,11.804543495178223,22.322404861450195,72.62696838378906,55.45207977294922,55.43387985229492,28.920635223388672,27.194738388061523,97.2000961303711,71.64498138427734
2020-10-27,113.00145721435547,312.7183837890625,141.55999755859375,28.4764461517334,57.775970458984375,11.651446342468262,21.915393829345703,71.03936004638672,55.72965621948242,55.28789138793945,28.55091094970703,27.173725128173828,96.53458404541016,71.61156463623047
2020-10-28,107.76811981201172,302.0299377441406,135.33999633789062,27.672279357910156,55.50802993774414,11.163957595825195,21.3546199798584,68.70838928222656,53.365516662597656,53.67339324951172,27.91827392578125,26.38389015197754,93.471435546875,69.34832763671875
2020-10-29,111.76097869873047,305.0997314453125,136.94332885742188,28.244131088256836,56.906593322753906,11.5064058303833,21.517425537109375,69.70867919921875,54.25564956665039,53.65621566772461,28.23869514465332,26.45530891418457,92.70567321777344,69.78759002685547
2020-10-30,105.50035095214844,301.9191589355469,129.34666442871094,28.22626495361328,55.942718505859375,11.570871353149414,21.580738067626953,69.62608337402344,53.05442428588867,53.46728515625,28.05794906616211,26.207433700561523,92.67831420898438,68.26446533203125
2020-11-02,105.4131088256836,305.3031311035156,133.50332641601562,29.164453506469727,55.91437530517578,11.965700149536133,21.987747192382812,71.50736999511719,53.18843460083008,54.31747055053711,28.748096466064453,26.783008575439453,94.34664154052734,68.7514877319336
2020-11-03,107.03156280517578,310.6935119628906,141.3000030517578,29.62015151977539,56.745948791503906,11.897208213806152,22.476165771484375,73.61809539794922,54.126434326171875,55.210601806640625,29.199987411499023,27.169523239135742,95.72321319580078,70.26509094238281
2020-11-04,111.40238189697266,317.63726806640625,140.32666015625,29.11531639099121,59.19343948364258,11.913322448730469,22.213869094848633,72.85639953613281,56.23214340209961,55.23635482788086,29.282146453857422,26.762001037597656,99.97149658203125,71.75955200195312
2020-11-05,115.3564682006836,323.8320617675781,146.02999877929688,30.30368995666504,60.33686065673828,11.913322448730469,22.756555557250977,74.57250213623047,57.97893524169922,55.63998031616211,29.38895034790039,27.00147247314453,100.17205810546875,73.15857696533203
2020-11-06,115.22541046142578,323.7581787109375,143.31666564941406,30.3796443939209,60.19512176513672,11.655475616455078,22.57565689086914,74.64591217041016,58.18471908569336,55.897613525390625,29.273927688598633,26.942657470703125,100.20853424072266,72.93890380859375
2020-11-09,112.9245834350586,327.8264465332031,140.4199981689453,31.063186645507812,59.68482971191406,13.3193941116333,24.429832458496094,77.18795013427734,57.76357650756836,55.76879119873047,30.04623794555664,27.442607879638672,101.14750671386719,72.70018768310547
2020-11-10,112.5848159790039,327.34552001953125,136.7866668701172,31.429529190063477,59.4958381652832,13.750483512878418,24.556455612182617,78.54615783691406,56.68678665161133,56.86802291870117,30.210561752319336,27.837522506713867,101.43925476074219,72.44234466552734
2020-11-11,116.00205993652344,329.7773132324219,139.0433349609375,30.96042823791504,60.03446960449219,13.60947036743164,24.456966400146484,77.8853988647461,58.03158187866211,57.35752487182617,30.440614700317383,27.942554473876953,101.31161499023438,73.07740020751953
2020-11-12,115.73023223876953,326.57806396484375,137.25332641601562,30.308168411254883,59.69427490234375,13.170326232910156,24.049951553344727,76.9952392578125,57.51472091674805,57.20293045043945,30.128406524658203,27.493017196655273,100.9378433227539,72.09855651855469
2020-11-13,115.77876281738281,331.09942626953125,136.1666717529297,30.83087158203125,60.58256149291992,13.649760246276855,24.447917938232422,78.70218658447266,58.00285720825195,57.993019104003906,30.818552017211914,27.766098022460938,102.21414947509766,73.26839447021484
2020-11-16,116.7884292602539,335.2324523925781,136.02999877929688,31.438465118408203,60.96999740600586,14.548196792602539,24.9906063079834,80.62017822265625,58.56278991699219,58.52546691894531,31.015737533569336,28.047582626342773,102.04094696044922,74.22811889648438
2020-11-17,115.90498352050781,333.429443359375,147.20333862304688,31.322303771972656,60.752655029296875,14.697261810302734,24.95442008972168,80.4090805053711,58.237369537353516,58.11325454711914,31.032176971435547,27.49721908569336,101.37544250488281,73.9129867553711
2020-11-18,114.58467864990234,329.4165954589844,162.2133331298828,31.063186645507812,60.1384162902832,14.270200729370117,24.71925926208496,80.05120086669922,57.6152229309082,57.31459045410156,30.506338119506836,26.959453582763672,99.48831939697266,73.40684509277344
2020-11-19,115.17686462402344,330.8034973144531,166.42333984375,31.192747116088867,60.5069694519043,14.503874778747559,24.80066680908203,80.25306701660156,58.079437255859375,57.46917724609375,30.555633544921875,26.69057846069336,99.41537475585938,73.7697525024414
2020-11-20,113.91484069824219,328.538330078125,163.20333862304688,31.165937423706055,60.3652229309082,14.42733097076416,24.583593368530273,79.5280990600586,57.48121643066406,57.10849380493164,30.350231170654297,26.694780349731445,99.1874771118164,73.38298797607422
2020-11-23,110.52668762207031,330.50762939453125,173.9499969482422,31.42505645751953,60.3935661315918,15.446626663208008,25.04487419128418,80.85877990722656,57.46685791015625,57.12564468383789,30.25164031982422,26.698984146118164,98.93221282958984,74.1899185180664
2020-11-24,111.80815887451172,335.8333740234375,185.1266632080078,32.206886291503906,61.631492614746094,16.24031639099121,25.922210693359375,82.27204132080078,58.266075134277344,57.51211166381836,30.23521614074707,26.984670639038086,99.22394561767578,75.29290008544922
2020-11-25,112.64305114746094,335.3155822753906,191.3333282470703,31.87181854248047,61.62204360961914,15.861602783203125,25.831762313842773,81.64800262451172,58.390506744384766,57.477760314941406,30.309152603149414,27.05608558654785,98.8592758178711,75.38359069824219
2020-11-27,113.18670654296875,336.24951171875,195.25332641601562,32.03711700439453,62.018924713134766,15.676274299621582,25.750362396240234,81.51033020019531,58.70157241821289,57.46917724609375,30.25164031982422,26.787208557128906,99.77094268798828,75.54595184326172
2020-11-30,115.57491302490234,334.76092529296875,189.1999969482422,31.7154483795166,61.80157470703125,14.810068130493164,25.216724395751953,80.78533935546875,59.09400177001953,57.460575103759766,29.988727569580078,26.40069580078125,100.04444122314453,75.08757019042969
2020-12-01,119.13780975341797,338.4222717285156,194.9199981689453,32.06392288208008,62.935546875,14.878556251525879,25.605640411376953,80.58344268798828,59.850135803222656,57.96725845336914,30.366666793823242,26.58554458618164,100.88316345214844,75.64619445800781
2020-12-02,119.48725128173828,339.1342468261719,189.60667419433594,31.65290069580078,63.52144241333008,15.36202335357666,25.886028289794922,80.6935806274414,59.75922775268555,57.486351013183594,30.04623794555664,26.762001037597656,101.63980865478516,75.17351531982422
2020-12-03,119.35136413574219,339.0417175292969,197.7933349609375,31.433984756469727,63.23795700073242,15.523175239562988,25.89507484436035,80.90464782714844,59.7209358215332,57.6323356628418,30.268077850341797,26.48472023010254,101.51217651367188,75.38359069824219
2020-12-04,118.68148040771484,341.9635009765625,199.67999267578125,32.06839370727539,63.294647216796875,16.369237899780273,26.211639404296875,81.86823272705078,60.31914138793945,58.078895568847656,30.6706600189209,26.220035552978516,102.59706115722656,75.4552230834961
2020-12-07,120.1377182006836,341.26080322265625,213.9199981689453,31.85841178894043,63.6915168762207,15.986494064331055,26.030752182006836,81.47362518310547,60.491432189941406,57.855621337890625,30.366666793823242,26.367080688476562,101.96800994873047,75.28333282470703
2020-12-08,120.74932861328125,342.2593688964844,216.6266632080078,32.03711700439453,63.59703826904297,16.22419548034668,26.021703720092773,81.86823272705078,60.687644958496094,58.17336654663086,30.226993560791016,26.287254333496094,102.742919921875,75.12576293945312
2020-12-09,118.2252197265625,339.189697265625,201.4933319091797,32.05499267578125,62.841064453125,16.260459899902344,25.95838737487793,82.05177307128906,59.52473068237305,57.94148635864258,29.947643280029297,26.241044998168945,102.38736724853516,75.05414581298828
2020-12-10,119.64258575439453,339.0787658691406,209.02333068847656,31.85841178894043,62.87886047363281,16.760032653808594,26.00361442565918,81.271728515625,59.61085510253906,57.6838493347168,29.783321380615234,26.10660171508789,102.21414947509766,74.9873046875
2020-12-11,118.8368148803711,338.68121337890625,203.3300018310547,31.675249099731445,63.256839752197266,16.566650390625,25.741317749023438,81.4644546508789,59.48644256591797,57.812679290771484,29.799762725830078,26.148618698120117,101.81304168701172,74.62919616699219
2020-12-14,118.2252197265625,337.164794921875,213.27667236328125,31.27316665649414,63.05839538574219,15.986494064331055,25.442840576171875,80.4090805053711,59.70178985595703,57.58939743041992,29.586145401000977,26.014175415039062,101.0472412109375,74.73898315429688
2020-12-15,124.14714050292969,341.7231750488281,211.0833282470703,31.840547561645508,63.578128814697266,16.300748825073242,25.876989364624023,81.52867126464844,60.697227478027344,57.726806640625,30.103755950927734,26.5267276763916,102.1412124633789,75.7464828491211
2020-12-16,124.07923126220703,342.2593688964844,207.58999633789062,31.75119400024414,63.52144241333008,16.220170974731445,25.922210693359375,81.02395629882812,61.10879135131836,57.83843994140625,30.11197280883789,26.220035552978516,101.84039306640625,76.24304962158203
2020-12-17,124.9432373046875,344.1733093261719,218.63333129882812,32.11753463745117,63.36079788208008,16.143625259399414,25.994569778442383,81.51951599121094,61.5921516418457,58.20771789550781,30.465253829956055,26.396495819091797,102.93437194824219,76.76350402832031
2020-12-18,122.96277618408203,342.79901123046875,231.6666717529297,32.2605094909668,63.417484283447266,15.87369155883789,25.768449783325195,81.52867126464844,61.37678909301758,58.3365478515625,29.939428329467773,26.16962242126465,103.01641082763672,76.39106750488281
2020-12-21,124.4869384765625,341.57342529296875,216.6199951171875,32.08943557739258,62.875160217285156,15.56748104095459,26.115814208984375,81.03661346435547,61.43819046020508,57.707847595214844,29.669782638549805,25.85271453857422,101.98565673828125,75.52811431884766
2020-12-22,128.03042602539062,340.9976501464844,213.44667053222656,31.891878128051758,62.288330078125,15.306188583374023,25.8612060546875,80.65877532958984,61.97063064575195,57.300838470458984,29.877840042114258,25.80187225341797,101.67443084716797,75.20282745361328
2020-12-23,127.13726806640625,341.3040771484375,215.32666015625,31.936779022216797,62.64799880981445,15.645054817199707,26.28858757019043,81.08267974853516,61.50054168701172,57.49136734008789,29.594873428344727,25.75103187561035,101.74767303466797,75.36547088623047
2020-12-24,128.11776733398438,342.6319885253906,220.58999633789062,32.138824462890625,62.714263916015625,15.563397407531738,26.32495880126953,81.0918960571289,61.90828323364258,57.7771110534668,29.886167526245117,25.933216094970703,102.04058837890625,75.52332305908203
2020-12-28,132.7000274658203,345.575439453125,221.22999572753906,32.01310729980469,63.840572357177734,15.465412139892578,26.4522647857666,81.19326782226562,62.60862350463867,58.236087799072266,30.127513885498047,26.047605514526367,102.29690551757812,76.38434600830078
2020-12-29,130.93310546875,344.9161071777344,221.99667358398438,31.936779022216797,63.783790588378906,15.363344192504883,26.361331939697266,80.70486450195312,62.31120681762695,58.06289291381836,29.894485473632812,26.043373107910156,102.7820816040039,76.40827941894531
2020-12-30,129.8166961669922,345.40826416015625,231.5933380126953,32.37679672241211,63.35786056518555,15.604228973388672,26.479549407958984,81.22090911865234,62.277645111083984,58.00227737426758,30.060935974121094,26.174707412719727,102.76375579833984,76.86752319335938
2020-12-31,128.81674194335938,347.1632080078125,235.22332763671875,32.502506256103516,63.868980407714844,15.473579406738281,26.806900024414062,81.5987319946289,62.3687858581543,58.40927505493164,30.427125930786133,26.564496994018555,103.84395599365234,76.91056060791016
2021-01-04,125.63250732421875,342.43695068359375,243.2566680908203,32.19270324707031,62.92249298095703,15.498075485229492,26.44317054748535,79.62671661376953,61.35184860229492,57.7771110534668,29.4450740814209,25.895078659057617,103.3953857421875,76.26000213623047
2021-01-05,127.18578338623047,344.7954406738281,245.0366668701172,32.91558074951172,63.14964294433594,16.192140579223633,26.56138038635254,80.40999603271484,61.74998092651367,57.7771110534668,29.411785125732422,25.890846252441406,104.1460189819336,76.82925415039062
2021-01-06,122.90453338623047,346.8568115234375,251.9933319091797,34.26255798339844,62.84676742553711,16.686145782470703,27.734411239624023,82.32671356201172,60.68508529663086,57.8204231262207,29.270294189453125,26.534833908081055,105.57406616210938,77.61376190185547
2021-01-07,127.0984115600586,352.01019287109375,272.0133361816406,34.51847457885742,63.679664611816406,16.93111801147461,28.134517669677734,82.77823638916016,62.320823669433594,57.64723587036133,29.361848831176758,26.187419891357422,106.94718170166016,79.11102294921875
2021-01-08,128.19546508789062,354.0158996582031,293.3399963378906,34.35234832763672,63.878448486328125,16.910703659057617,28.116329193115234,82.57550048828125,62.72373962402344,57.932979583740234,29.6781005859375,26.407732009887695,107.45980072021484,80.74223327636719
2021-01-11,125.21500396728516,351.62945556640625,270.39666748046875,34.35234832763672,62.7426643371582,17.17607879638672,28.20726203918457,82.54785919189453,62.2056770324707,57.43940734863281,29.178749084472656,26.162002563476562,107.96331024169922,79.23538970947266
2021-01-12,125.04032897949219,351.703857421875,283.14666748046875,34.78787612915039,61.729915618896484,17.776241302490234,28.498245239257812,83.36800384521484,61.90828323364258,57.248878479003906,29.203706741333008,26.022186279296875,106.79156494140625,80.44562530517578
2021-01-13,127.0693130493164,352.6509094238281,284.8033447265625,34.43317413330078,61.947601318359375,17.637426376342773,28.480056762695312,82.64922332763672,62.3016242980957,57.335487365722656,29.603195190429688,26.530597686767578,107.0844955444336,80.44085693359375
2021-01-14,125.1471176147461,351.41595458984375,281.6666564941406,34.31643295288086,61.597415924072266,18.16002082824707,28.607362747192383,82.93489074707031,61.75478744506836,57.03239059448242,29.78628921508789,26.428913116455078,106.74579620361328,79.92901611328125
2021-01-15,123.42877197265625,348.8531494140625,275.38665771484375,33.827030181884766,61.79615783691406,17.45370864868164,28.134517669677734,81.85675048828125,61.12159729003906,56.83321762084961,30.244041442871094,26.687358856201172,107.0753402709961,79.31192779541016
2021-01-19,124.09861755371094,351.5923156738281,281.51666259765625,33.94376754760742,62.91300964355469,17.80481719970703,28.20726203918457,82.12397003173828,61.91788101196289,56.58209228515625,30.044286727905273,26.58568000793457,107.88089752197266,79.76160430908203
2021-01-20,128.176025390625,356.4578857421875,283.48333740234375,34.05601119995117,64.89117431640625,17.870147705078125,28.08905029296875,82.63079833984375,63.145870208740234,56.68600845336914,30.668476104736328,26.742433547973633,108.4759292602539,81.26841735839844
2021-01-21,132.87472534179688,356.7829284667969,281.663330078125,33.5576286315918,65.12781524658203,17.265901565551758,27.78897476196289,81.98575592041016,63.961334228515625,56.4954948425293,30.5686092376709,26.58568000793457,107.96331024169922,81.64632415771484
2021-01-22,135.01051330566406,355.5199890136719,282.21331787109375,33.39600372314453,65.15620422363281,17.17607879638672,27.58892250061035,81.56184387207031,63.71670150756836,56.34827423095703,30.643516540527344,26.623804092407227,107.64289093017578,81.36886596679688
2021-01-25,138.7480926513672,356.9222106933594,293.6000061035156,33.22089385986328,65.5347900390625,17.000520706176758,27.388872146606445,81.00896453857422,64.24916076660156,56.911163330078125,30.91815757751465,27.157636642456055,108.34776306152344,81.67024230957031
2021-01-26,138.9811553955078,356.3650817871094,294.36334228515625,32.76292419433594,66.42447662353516,16.63715934753418,27.170629501342773,80.26252746582031,64.29232025146484,57.422061920166016,31.234413146972656,26.88648223876953,107.9449691772461,81.61761474609375
2021-01-27,137.9132080078125,347.65533447265625,288.0533447265625,31.79759979248047,64.27594757080078,16.412607192993164,26.370424270629883,78.6683578491211,63.07872772216797,56.452205657958984,30.834936141967773,26.162002563476562,104.66781616210938,79.1014404296875
2021-01-28,133.0883026123047,350.645263671875,278.4766540527344,32.345367431640625,64.50313568115234,16.60449981689453,26.86145782470703,79.83866882324219,63.33773422241211,56.6686897277832,30.91815757751465,26.47551918029785,106.196533203125,79.35020446777344
2021-01-29,128.1081085205078,343.62542724609375,264.510009765625,31.716764450073242,63.30105972290039,16.053329467773438,26.32495880126953,78.11544799804688,61.84592056274414,55.49964141845703,30.593576431274414,26.33146858215332,105.29945373535156,77.49895477294922
2021-02-01,130.22442626953125,349.3453063964844,279.9366760253906,32.08943557739258,64.48418426513672,16.167640686035156,26.670499801635742,78.9263687133789,63.39532470703125,55.551597595214844,31.284345626831055,26.45857048034668,105.70223236083984,79.51283264160156
2021-02-02,131.0496368408203,354.2851257324219,290.92999267578125,32.5114860534668,65.4685287475586,16.343198776245117,27.316120147705078,80.60350799560547,64.25393676757812,55.9239616394043,31.41750717163086,26.674650192260742,106.00431060791016,81.20144653320312
2021-02-03,130.0302276611328,354.56365966796875,284.89666748046875,32.5743522644043,66.34876251220703,17.041349411010742,27.4707088470459,80.65877532958984,64.03329467773438,56.010555267333984,31.29266929626465,26.589908599853516,105.25367736816406,80.74700164794922
2021-02-04,133.3795623779297,358.59356689453125,283.3299865722656,32.45760726928711,66.74629974365234,17.22916030883789,28.0799503326416,81.52500915527344,65.05502319335938,56.41755294799805,31.467443466186523,26.797513961791992,105.69305419921875,81.6080551147461
2021-02-05,132.96632385253906,360.0049133300781,284.07666015625,33.01436996459961,67.58866119384766,17.376134872436523,28.08905029296875,82.00418090820312,64.9111099243164,56.94579315185547,31.575641632080078,26.941560745239258,105.88529968261719,82.38776397705078
2021-02-08,133.11219787597656,362.60491943359375,287.8066711425781,33.28824996948242,67.85367584228516,18.102863311767578,28.452781677246094,82.70452117919922,65.59228515625,57.16227722167969,31.642223358154297,26.733957290649414,106.01345825195312,82.85657501220703
2021-02-09,132.2371368408203,362.36346435546875,283.1533203125,33.04129409790039,68.08084869384766,17.910972595214844,28.461868286132812,82.91645812988281,65.51554107666016,57.110328674316406,31.783700942993164,26.772092819213867,106.16907501220703,82.3973617553711
2021-02-10,131.6343536376953,362.20556640625,268.2733459472656,33.00537872314453,68.72447204589844,18.25392723083496,28.461868286132812,82.78746032714844,65.41958618164062,57.04970932006836,32.000091552734375,26.878007888793945,106.36129760742188,81.58412170410156
2021-02-11,131.38156127929688,362.7905578613281,270.5533447265625,33.03680419921875,68.80017852783203,17.972209930419922,28.37093734741211,82.61236572265625,66.13912200927734,56.79859161376953,31.941823959350586,26.725494384765625,106.56271362304688,81.35929107666016
2021-02-12,131.6149139404297,364.5826416015625,272.0400085449219,33.37803649902344,69.09357452392578,18.237594604492188,28.661924362182617,83.21133422851562,66.47968292236328,56.88517761230469,31.933500289916992,26.530597686767578,107.35910034179688,81.4740982055664
2021-02-16,129.49539184570312,364.2669677734375,265.40667724609375,33.315181732177734,69.42485046386719,18.694862365722656,29.152965545654297,83.12841033935547,66.26383209228516,56.78125762939453,31.59227752685547,26.234024047851562,106.2972412109375,81.1201400756836
2021-02-17,127.2105712890625,364.3504943847656,266.04998779296875,33.297218322753906,69.62359619140625,18.97248649597168,29.29845428466797,82.8980484008789,65.6786117553711,56.989097595214844,31.61724853515625,26.255210876464844,106.68172454833984,81.58891296386719
2021-02-18,126.1119155883789,362.7998962402344,262.4599914550781,33.0906867980957,69.28286743164062,18.54379653930664,29.12567710876465,82.48336791992188,65.35724639892578,56.9544563293457,31.600605010986328,26.411964416503906,106.01345825195312,81.61284637451172
2021-02-19,126.26746368408203,362.1592102050781,260.4333190917969,33.69683074951172,68.60140991210938,18.85408592224121,29.47121810913086,83.83798217773438,65.26128387451172,56.2357063293457,31.700477600097656,26.017946243286133,104.73186492919922,81.13926696777344
2021-02-22,122.50482177734375,359.37359619140625,238.1666717529297,33.827030181884766,68.32693481445312,19.507322311401367,29.744014739990234,84.10519409179688,63.822242736816406,56.28765869140625,31.88356590270996,25.50953483581543,104.48472595214844,79.42672729492188
2021-02-23,122.36870574951172,359.8099670410156,232.94667053222656,33.94376754760742,68.85696411132812,19.829862594604492,29.925886154174805,84.36322021484375,63.64472198486328,56.36559295654297,32.000091552734375,25.721376419067383,104.31080627441406,78.90531921386719
2021-02-24,121.87286376953125,363.7747802734375,247.33999633789062,34.240108489990234,68.9800033569336,20.53209114074707,30.507850646972656,85.9574203491211,64.61849975585938,56.33096694946289,32.14989471435547,25.420564651489258,105.03398895263672,79.7328872680664
2021-02-25,117.6338119506836,355.00933837890625,227.4066619873047,33.44987869262695,67.47508239746094,20.136064529418945,29.95315933227539,84.37244415283203,62.35917282104492,55.71612548828125,31.625574111938477,25.191783905029297,103.98125457763672,76.76705169677734
2021-02-26,117.89630126953125,353.18017578125,225.1666717529297,33.02334213256836,67.74010467529297,19.658382415771484,29.380294799804688,83.49700164794922,62.69017791748047,54.81552505493164,31.07628059387207,24.725736618041992,103.08415222167969,77.08756256103516
2021-03-01,124.24517822265625,361.7413330078125,239.47666931152344,33.85846710205078,69.47217559814453,20.168729782104492,30.298709869384766,85.6348876953125,64.70964050292969,55.3697395324707,31.109575271606445,25.272275924682617,104.42981719970703,78.89575958251953
2021-03-02,121.64924621582031,358.91851806640625,228.81333923339844,34.04703903198242,68.96106719970703,20.058494567871094,30.18958854675293,85.3860855102539,63.68312454223633,55.27448272705078,30.91815757751465,25.19601821899414,104.12771606445312,77.98686218261719
2021-03-03,118.67412567138672,354.1644287109375,217.73333740234375,33.710296630859375,67.97673034667969,20.35245132446289,30.426010131835938,85.47821807861328,62.08095932006836,55.01469039916992,30.535320281982422,24.89944839477539,102.80952453613281,76.15475463867188
2021-03-04,116.79764556884766,349.78173828125,207.14666748046875,33.05475616455078,67.85367584228516,20.838294982910156,30.08046531677246,84.11441802978516,60.70905303955078,54.81552505493164,30.31061553955078,24.878259658813477,101.42723846435547,74.5427017211914
2021-03-05,118.05187225341797,356.2164611816406,199.31666564941406,33.81356430053711,69.44377899169922,21.618101119995117,30.653337478637695,86.1048583984375,61.85551834106445,56.027870178222656,30.660165786743164,25.284990310668945,103.45947265625,75.01627349853516
2021-03-08,113.13223266601562,354.4429931640625,187.6666717529297,34.26704406738281,68.51622772216797,21.658924102783203,31.04434585571289,87.00792694091797,60.35890579223633,56.27034378051758,30.809968948364258,25.64087677001953,103.2031478881836,75.10714721679688
2021-03-09,117.73102569580078,359.5035095214844,224.52667236328125,34.47807312011719,69.28286743164062,21.279232025146484,30.762470245361328,86.64852905273438,62.41195297241211,56.21837615966797,31.159509658813477,25.979814529418945,103.80732727050781,77.94384002685547
2021-03-10,116.65180206298828,361.7413330078125,222.68666076660156,35.04828643798828,69.57630157470703,21.818153381347656,31.3898983001709,87.92942810058594,62.16250991821289,56.9544563293457,31.467443466186523,26.157758712768555,104.04533386230469,78.3408432006836
2021-03-11,118.576904296875,365.4090270996094,233.1999969482422,35.23686981201172,70.89190673828125,21.82632064819336,31.298967361450195,87.99392700195312,63.491249084472656,56.815895080566406,31.933500289916992,26.08997344970703,104.67696380615234,79.54154205322266
2021-03-12,117.67269134521484,365.90118408203125,231.2433319091797,35.331153869628906,70.69314575195312,21.871227264404297,31.61724281311035,89.17344665527344,63.03554153442383,57.28352737426758,32.482791900634766,26.441621780395508,104.90580749511719,79.77597045898438
2021-03-15,120.55056762695312,368.0832824707031,235.97999572753906,35.371551513671875,71.19479370117188,21.622180938720703,31.435361862182617,89.91984558105469,63.707096099853516,57.53464889526367,32.84897994995117,26.780569076538086,105.62899780273438,80.84745025634766
2021-03-16,122.08674621582031,367.6190185546875,225.6266632080078,35.0797233581543,71.9425048828125,21.005687713623047,31.108003616333008,88.63896942138672,64.18678283691406,57.60391616821289,32.84897994995117,26.81446075439453,105.56491088867188,80.01034545898438
2021-03-17,121.29922485351562,368.87249755859375,233.93666076660156,35.394012451171875,71.95198059082031,21.16900062561035,31.317150115966797,89.66182708740234,64.13401794433594,57.51734161376953,32.79905319213867,26.37807273864746,105.1804428100586,81.13445281982422
2021-03-18,117.18656921386719,363.5055847167969,217.72000122070312,35.19645309448242,70.75938415527344,20.21772575378418,31.4808292388916,89.57888793945312,62.354393005371094,57.28352737426758,32.59098434448242,26.280624389648438,104.96073913574219,79.14929962158203
2021-03-19,116.66155242919922,362.83294677734375,218.2899932861328,35.0213508605957,71.3746109008789,20.2218017578125,31.117097854614258,88.89698791503906,62.16732406616211,57.48269271850586,32.1582145690918,26.35265350341797,105.33606719970703,79.62287139892578
2021-03-22,119.96721649169922,365.73016357421875,223.3333282470703,35.04298400878906,71.97481536865234,20.027877807617188,30.71613883972168,88.84707641601562,63.389732360839844,58.089534759521484,32.512935638427734,26.314666748046875,106.25279998779297,80.1469955444336
2021-03-23,119.14081573486328,362.8515930175781,220.72000122070312,34.31254959106445,71.44384002685547,19.734928131103516,30.286863327026367,87.294189453125,62.99555206298828,58.33332061767578,32.613792419433594,26.707361221313477,105.17805480957031,79.39481353759766
2021-03-24,116.75875091552734,361.0069885253906,210.08999633789062,34.560546875,69.642333984375,20.230056762695312,30.396467208862305,87.9319839477539,62.23125076293945,58.106937408447266,32.47089385986328,26.715890884399414,105.05864715576172,78.22096252441406
2021-03-25,117.24490356445312,363.03790283203125,213.4633331298828,35.0610237121582,69.30098724365234,20.30432891845703,30.907943725585938,89.33698272705078,62.19279098510742,58.672874450683594,32.748287200927734,27.001869201660156,105.49958038330078,78.90608978271484
2021-03-26,117.8476791381836,368.8882751464844,206.23666381835938,35.93123245239258,68.54246520996094,20.80769920349121,31.39201545715332,90.8805923461914,63.774288177490234,59.70893859863281,33.54682159423828,27.091514587402344,107.49288940429688,79.56248474121094
2021-03-29,118.02272033691406,368.701904296875,203.76333618164062,35.80949401855469,69.2441177368164,20.56014060974121,31.118022918701172,90.89910888671875,63.44260025024414,60.30968475341797,33.47116470336914,27.381759643554688,107.99811553955078,79.12648010253906
2021-03-30,116.57402038574219,367.7237548828125,211.8733367919922,35.7057991027832,69.2441177368164,20.382719039916992,31.337223052978516,91.29656982421875,62.84174728393555,59.665428161621094,33.32827377319336,27.134191513061523,107.02442932128906,79.90269470214844
2021-03-31,118.76164245605469,369.21429443359375,222.64332580566406,35.52994918823242,69.51905822753906,20.242433547973633,31.099742889404297,91.00076293945312,63.84158706665039,59.47386169433594,33.193790435791016,27.334810256958008,107.23570251464844,80.5255355834961
2021-04-01,119.58804321289062,373.201416015625,220.5833282470703,35.841064453125,70.71375274658203,20.758190155029297,31.483360290527344,91.3058090209961,65.12505340576172,59.186553955078125,33.72333908081055,27.3091983795166,106.91416931152344,81.17233276367188
2021-04-05,122.40758514404297,378.55804443359375,230.35000610351562,36.28293228149414,72.2023696899414,20.2630615234375,31.72996711730957,92.43346405029297,66.47098541259766,59.94400405883789,33.89985656738281,27.607988357543945,107.6582260131836,83.01693725585938
2021-04-06,122.708984375,378.3344421386719,230.5399932861328,36.364097595214844,72.38249206542969,20.20942497253418,31.666027069091797,92.2116470336914,66.18740844726562,60.19649887084961,33.983909606933594,27.753108978271484,107.24488067626953,83.37630462646484
2021-04-07,124.35211944580078,378.7723693847656,223.6566619873047,35.73735809326172,72.94194030761719,20.27956771850586,31.82130241394043,91.78645324707031,66.53829956054688,60.048500061035156,34.025943756103516,27.718971252441406,107.00603485107422,83.12714385986328
2021-04-08,126.74388122558594,380.5702209472656,227.93333435058594,35.782447814941406,72.95140838623047,20.015499114990234,31.830432891845703,92.00831604003906,67.49970245361328,60.10942459106445,33.85782241821289,27.69762420654297,107.17137908935547,83.52001953125
2021-04-09,129.31063842773438,383.337158203125,225.67333984375,36.09356689453125,72.93244934082031,19.883466720581055,32.10444641113281,92.90492248535156,68.14865112304688,60.00495147705078,33.90826416015625,27.667747497558594,108.34719848632812,84.31534576416016
2021-04-12,127.59945678710938,383.476806640625,233.9933319091797,36.21980667114258,72.63849639892578,19.7266788482666,32.24143981933594,93.24691772460938,67.82176208496094,60.32709884643555,34.11000442504883,27.69335174560547,108.45740509033203,84.85675811767578
2021-04-13,130.70101928710938,384.6134033203125,254.10667419433594,36.1341438293457,72.73333740234375,19.74730682373047,31.940038681030273,92.79399108886719,68.46109771728516,60.00495147705078,34.311737060546875,28.022024154663086,108.90750885009766,85.75271606445312
2021-04-14,128.3675537109375,383.2998352050781,244.07666015625,36.39565658569336,71.98429107666016,20.296072006225586,32.131839752197266,92.9141616821289,67.73526000976562,59.95272445678711,34.10158920288086,28.14580535888672,108.89833068847656,84.90946197509766
2021-04-15,130.76902770996094,387.4174499511719,246.28334045410156,36.82398986816406,72.90400695800781,20.131031036376953,32.10444641113281,93.28388214111328,68.89855194091797,60.43157196044922,34.74883270263672,28.4573974609375,110.76305389404297,85.51795196533203
2021-04-16,130.43850708007812,388.7123107910156,246.5933380126953,37.2703742980957,72.8565902709961,19.970115661621094,32.33277130126953,93.48724365234375,68.88411712646484,60.779850006103516,34.79926681518555,28.687889099121094,111.58978271484375,86.17911529541016
2021-04-19,131.09963989257812,386.8025207519531,238.2100067138672,37.09905242919922,72.4488754272461,19.949485778808594,32.24143981933594,93.09900665283203,68.31208038330078,60.544761657714844,34.908531188964844,28.542766571044922,111.61736297607422,85.21131896972656
2021-04-20,129.41757202148438,383.9705810546875,239.663330078125,36.74283218383789,72.06013488769531,19.42134666442871,31.638622283935547,92.0730209350586,67.70641326904297,60.8755989074707,35.295188903808594,28.905580520629883,112.04908752441406,84.13809967041016
2021-04-21,129.79676818847656,387.6037902832031,248.0399932861328,37.410160064697266,72.18341064453125,19.66891098022461,32.0770378112793,93.33008575439453,68.3890151977539,61.18031692504883,35.45489501953125,28.662281036376953,113.37183380126953,85.25922393798828
2021-04-22,128.28004455566406,384.06378173828125,239.89666748046875,36.77891159057617,71.65243530273438,19.43785285949707,31.720829010009766,92.85868835449219,67.58622741699219,60.727603912353516,35.3036003112793,28.4573974609375,112.86663055419922,84.31534576416016
2021-04-23,130.5940399169922,388.2278747558594,243.13333129882812,37.383094787597656,72.48680114746094,19.615278244018555,32.31452178955078,93.8754653930664,68.59568786621094,60.570884704589844,35.505332946777344,28.418989181518555,113.61067962646484,85.19694519042969
2021-04-26,130.98294067382812,389.0383605957031,246.06666564941406,37.604034423828125,72.63849639892578,19.74730682373047,32.442378997802734,93.59817504882812,68.94659423828125,59.891780853271484,35.58098220825195,28.256784439086914,113.22489166259766,85.57064056396484
2021-04-27,130.66207885742188,388.9544982910156,234.913330078125,37.50483703613281,72.34458923339844,19.986616134643555,32.69811248779297,94.37460327148438,68.77835083007812,59.84823989868164,35.58098220825195,28.039098739624023,112.57268524169922,85.47003173828125
2021-04-28,129.87451171875,388.8427429199219,231.46665954589844,37.60854721069336,73.0083236694336,20.675670623779297,32.82597732543945,94.18048095703125,68.13904571533203,59.891780853271484,35.45489501953125,28.00067710876465,112.2328109741211,85.36941528320312
2021-04-29,129.77734375,391.32073974609375,225.6666717529297,37.84300231933594,75.02788543701172,20.906728744506836,33.4105339050293,94.84601593017578,68.08134460449219,60.527347564697266,35.7154655456543,28.256784439086914,111.78270721435547,85.39336395263672
2021-04-30,127.81338500976562,388.7495422363281,236.47999572753906,37.441707611083984,74.00386810302734,20.378589630126953,33.118263244628906,94.21747589111328,67.1535873413086,60.57957077026367,35.950828552246094,28.47873878479004,111.45199584960938,85.72396087646484
2021-05-03,128.8634033203125,389.5880126953125,228.3000030517578,38.00081253051758,73.61511993408203,20.939735412597656,33.28266525268555,95.18801879882812,66.96614837646484,61.075843811035156,35.75749588012695,28.47447395324707,112.71965789794922,85.31671905517578
2021-05-04,124.30349731445312,387.1845397949219,224.53334045410156,38.415626525878906,72.95140838623047,20.952112197875977,33.54753875732422,95.60396575927734,65.76438903808594,60.76242446899414,35.53895950317383,28.367759704589844,112.83907318115234,84.42556762695312
2021-05-05,124.54656982421875,387.3056945800781,223.64666748046875,38.902587890625,72.8091812133789,21.6287841796875,33.82154846191406,95.69640350341797,65.60575103759766,60.718894958496094,35.01780319213867,27.889699935913086,113.0411605834961,84.16204833984375
2021-05-06,126.14107513427734,390.39849853515625,221.17999267578125,39.23173522949219,73.66252136230469,21.740192413330078,34.32388687133789,96.36192321777344,66.26431274414062,61.50246047973633,35.18592834472656,28.103124618530273,113.18811798095703,84.34408569335938
2021-05-07,126.81307220458984,393.2398376464844,224.1233367919922,39.619503021240234,74.22193908691406,22.128042221069336,34.506561279296875,97.37869262695312,66.83154296875,61.50246047973633,35.61460876464844,28.18848991394043,113.96891784667969,85.10111999511719
2021-05-10,123.54073333740234,389.3457946777344,209.67999267578125,39.44365692138672,72.79971313476562,22.13629150390625,34.47917175292969,97.47112274169922,65.14427947998047,61.97260665893555,35.77431869506836,28.47447395324707,114.11589050292969,83.58708953857422
2021-05-11,122.6252670288086,385.8710021972656,205.73333740234375,39.57440948486328,72.59109497070312,21.56689453125,33.86721420288086,96.02916717529297,64.94718933105469,61.43281555175781,35.354026794433594,28.12446403503418,112.88499450683594,82.64324188232422
2021-05-12,119.56716918945312,377.673095703125,196.6300048828125,38.57795715332031,71.16886138916016,21.67005157470703,33.520137786865234,93.72757720947266,63.12053298950195,60.614410400390625,34.49666213989258,27.46712875366211,111.8194351196289,79.84516906738281
2021-05-13,121.70980072021484,382.20989990234375,190.56333923339844,39.168617248535156,71.68089294433594,21.40597915649414,34.059017181396484,95.48381805419922,63.95696258544922,61.46763229370117,34.93374252319336,27.99641227722168,112.82986450195312,80.4105224609375
2021-05-14,124.12506866455078,388.07879638671875,196.5800018310547,39.63753890991211,73.09364318847656,22.07027816772461,34.597904205322266,96.80558776855469,65.36538696289062,61.737548828125,35.261566162109375,28.13300323486328,113.39940643310547,81.80477142333984
2021-05-17,122.97586059570312,387.0914001464844,192.27667236328125,39.984718322753906,72.51527404785156,22.581907272338867,34.661834716796875,96.50981903076172,64.88468933105469,61.650482177734375,35.278377532958984,27.902509689331055,113.18811798095703,81.65624237060547
2021-05-18,121.59290313720703,383.75628662109375,192.6233367919922,39.542850494384766,71.77568054199219,22.057897567749023,34.17774963378906,95.10482788085938,64.36555480957031,61.45893478393555,35.345619201660156,27.89824104309082,113.22489166259766,81.01903533935547
2021-05-19,121.43708038330078,382.7501525878906,187.82000732421875,38.938663482666016,71.88947296142578,21.509136199951172,33.967689514160156,94.56871795654297,64.59146881103516,61.25871276855469,35.21113586425781,27.85128402709961,113.03196716308594,80.3386459350586
2021-05-20,123.98873138427734,386.8678283691406,195.5933380126953,38.961204528808594,73.12207794189453,21.476119995117188,33.98594665527344,94.78130340576172,65.82687377929688,61.8245964050293,35.64822769165039,28.094581604003906,114.21693420410156,81.16275024414062
2021-05-21,122.15776062011719,386.551025390625,193.6266632080078,39.04686737060547,72.87554168701172,21.521512985229492,34.32388687133789,95.24348449707031,65.4663314819336,61.83330535888672,35.58938217163086,28.239713668823242,114.2353286743164,80.75550842285156
2021-05-24,123.78421020507812,390.49163818359375,202.14666748046875,39.394065856933594,74.2029800415039,21.736064910888672,34.48830032348633,95.83505249023438,66.629638671875,62.01616668701172,35.976043701171875,28.18848991394043,114.34555053710938,81.55563354492188
2021-05-25,123.58943176269531,389.6252746582031,201.56333923339844,39.06039810180664,74.18400573730469,21.294580459594727,34.14122009277344,95.54850006103516,66.64886474609375,62.03355026245117,36.07691955566406,27.84701919555664,114.00568389892578,81.8143539428711
2021-05-26,123.54073333740234,390.39849853515625,206.3766632080078,39.073936462402344,74.66757202148438,21.484376907348633,34.24169158935547,95.8535385131836,66.64405822753906,61.9029655456543,36.16097640991211,27.85128402709961,113.34428405761719,82.59530639648438
2021-05-27,122.0116958618164,390.6034240722656,210.28334045410156,39.38504409790039,74.95203399658203,21.500883102416992,34.63443374633789,97.16609191894531,66.29316711425781,61.5199089050293,36.11893844604492,27.66347312927246,113.0962905883789,82.92589569091797
2021-05-28,121.35916137695312,391.30218505859375,208.4066619873047,39.344459533691406,74.70549774169922,21.542144775390625,34.69837188720703,97.16609191894531,66.52867889404297,61.650482177734375,36.362709045410156,27.81287384033203,113.53719329833984,82.81092834472656
2021-06-01,121.03778839111328,390.95751953125,207.96665954589844,39.8945426940918,74.75291442871094,22.37148094177246,34.9084358215332,97.54508209228516,66.20182800292969,61.441505432128906,36.98471450805664,27.642133712768555,111.67245483398438,82.6528091430664
2021-06-02,121.79743957519531,391.572265625,201.7066650390625,39.56089401245117,74.52535247802734,22.788209915161133,34.96323776245117,97.26776885986328,66.65847778320312,61.66788864135742,37.497459411621094,27.787256240844727,111.45199584960938,82.26951599121094
2021-06-03,120.31710052490234,390.1189880371094,190.94667053222656,39.55186462402344,74.0228271484375,22.8501033782959,35.045440673828125,97.05517578125,66.03837585449219,62.05097961425781,37.42180633544922,27.953725814819336,111.79187774658203,81.2921142578125
2021-06-04,122.60577392578125,393.68695068359375,199.68333435058594,39.63753890991211,75.08477020263672,23.002771377563477,35.13678741455078,97.36942291259766,67.30744171142578,62.26863098144531,37.455440521240234,27.911041259765625,112.15010833740234,81.94371795654297
2021-06-07,122.6155014038086,393.3050231933594,201.7100067138672,39.15509033203125,75.47350311279297,22.90373992919922,34.9084358215332,96.6947021484375,67.29301452636719,62.16416549682617,37.80846405029297,27.962268829345703,112.55431365966797,81.94371795654297
2021-06-08,123.43360137939453,393.3888244628906,201.19667053222656,39.22723388671875,75.25543212890625,23.10179328918457,34.817100524902344,96.94425964355469,67.29779815673828,61.64178466796875,38.01020431518555,27.72323226928711,112.20526123046875,82.60488891601562
2021-06-09,123.81342315673828,392.8019714355469,199.5933380126953,38.920631408691406,75.17957305908203,22.957380294799805,34.48830032348633,95.9552230834961,67.34586334228516,61.34574508666992,38.05223083496094,27.970802307128906,113.28917694091797,82.14973449707031
2021-06-10,122.82005310058594,394.6278076171875,203.3733367919922,38.686161041259766,75.58729553222656,22.928495407104492,34.08641815185547,95.48381805419922,67.84100341796875,61.728851318359375,38.43888473510742,28.154346466064453,115.2273941040039,82.5378189086914
2021-06-11,124.02767944335938,395.280029296875,203.29666137695312,38.830448150634766,75.67262268066406,22.8501033782959,34.30562973022461,95.67791748046875,68.24479675292969,61.76365661621094,38.19512939453125,28.218366622924805,114.40985107421875,82.98820495605469
2021-06-14,127.0760498046875,396.1650390625,205.89666748046875,38.352508544921875,76.1751480102539,22.75107765197754,33.949405670166016,95.24348449707031,68.93700408935547,61.728851318359375,38.413673400878906,28.27812957763672,114.51089477539062,83.01214599609375
2021-06-15,126.2579574584961,395.4383544921875,199.7866668701172,38.27134704589844,75.73897552490234,23.184309005737305,34.01335144042969,95.65017700195312,68.51396942138672,61.580848693847656,38.06064224243164,28.36349105834961,114.5476303100586,82.57136535644531
2021-06-16,126.7546157836914,393.2304382324219,201.6233367919922,37.847511291503906,75.0752944946289,23.060531616210938,33.97682571411133,94.74433898925781,68.14383697509766,60.76242446899414,37.716007232666016,27.936655044555664,114.10671997070312,82.60971069335938
2021-06-17,128.3518524169922,393.1000671386719,205.53334045410156,37.004356384277344,75.38817596435547,22.27657699584961,32.972129821777344,93.28388214111328,68.93219757080078,60.98008346557617,37.85890579223633,28.090316772460938,114.9793472290039,82.92111206054688
2021-06-18,127.05657958984375,387.7969970703125,207.77000427246094,36.4046745300293,74.50640106201172,21.616413116455078,32.17750549316406,92.0730209350586,68.30245971679688,59.90048599243164,37.26211166381836,27.36042022705078,113.6657943725586,82.4851303100586
2021-06-21,128.8485565185547,393.3486633300781,206.94332885742188,37.16047286987305,75.229248046875,22.5375919342041,32.92851257324219,94.09813690185547,69.03446960449219,60.58750915527344,38.00236129760742,27.714868545532227,115.03153228759766,83.12088012695312
2021-06-22,130.48472595214844,395.45166015625,207.90333557128906,37.30990982055664,75.87512969970703,22.687644958496094,32.983524322509766,94.20013427734375,69.6605224609375,60.675132751464844,37.83314895629883,27.547107696533203,115.28050231933594,83.90301513671875
2021-06-23,130.2120361328125,394.97491455078125,218.85667419433594,37.06991195678711,75.7991714477539,22.75016975402832,33.0477180480957,93.98685455322266,69.5834732055664,60.29832077026367,37.7147216796875,27.254600524902344,114.80096435546875,84.55081939697266
2021-06-24,129.9296112060547,397.3115234375,226.60667419433594,37.187644958496094,76.51156616210938,22.946073532104492,33.460357666015625,94.71940612792969,70.0217056274414,60.596256256103516,37.53705978393555,27.228796005249023,115.39118194580078,84.83869171142578
2021-06-25,129.6374053955078,398.7228088378906,223.9566650390625,37.19217300415039,76.60653686523438,23.06695556640625,33.86381912231445,94.90485382080078,69.9398422241211,61.06071472167969,37.807769775390625,27.521297454833984,115.91680908203125,85.37609100341797
2021-06-28,131.26385498046875,399.5266418457031,229.57333374023438,37.19217300415039,77.4709243774414,22.287498474121094,33.616241455078125,94.40412902832031,70.67184448242188,61.1132926940918,37.8246955871582,27.697664260864258,116.09201049804688,85.3952865600586
2021-06-29,132.7734375,399.7415771484375,226.9199981689453,37.17405700683594,77.05297088623047,22.179122924804688,33.49703598022461,94.21868133544922,71.18714141845703,60.841636657714844,37.79931640625,27.250301361083984,116.22113800048828,85.60640716552734
2021-06-30,133.38699340820312,400.07806396484375,226.56666564941406,37.273677825927734,76.91050720214844,22.454227447509766,33.64374923706055,94.95120239257812,71.11006927490234,61.31482696533203,37.50322341918945,27.198684692382812,116.1473388671875,85.6736068725586
2021-07-01,133.68887329101562,402.2931213378906,225.97332763671875,37.47746658325195,77.48042297363281,22.846036911010742,33.90967559814453,95.62811279296875,71.2304916381836,61.13080596923828,37.65549087524414,27.495492935180664,117.18016815185547,86.15821838378906
2021-07-02,136.30873107910156,405.3680114746094,226.3000030517578,37.531803131103516,78.02183532714844,22.796016693115234,33.872989654541016,95.7764892578125,72.1695556640625,61.27978515625,37.83314895629883,27.53850555419922,118.30523681640625,86.91635131835938
2021-07-06,138.31503295898438,404.62969970703125,219.86000061035156,36.974815368652344,77.83184814453125,22.0540771484375,33.341148376464844,94.85847473144531,72.44406127929688,61.02565002441406,38.17155075073242,27.654647827148438,118.194580078125,87.01712036132812
2021-07-07,140.79847717285156,406.0596923828125,214.88333129882812,37.3597297668457,77.71788024902344,21.695606231689453,33.38698959350586,95.80430603027344,72.83895111083984,61.349884033203125,38.36613845825195,27.835308074951172,118.94151306152344,86.96912384033203
2021-07-08,139.50314331054688,402.7510986328125,217.60333251953125,36.852535247802734,76.86298370361328,21.570558547973633,32.71760177612305,94.46905517578125,72.15030670166016,61.12205505371094,38.332298278808594,27.75358009338379,118.28679656982422,86.75321197509766
2021-07-09,141.32435607910156,407.0503234863281,218.98333740234375,37.57708740234375,77.54689025878906,22.02906608581543,33.662086486816406,95.96190643310547,72.81486511230469,61.472564697265625,38.83990478515625,27.78799819946289,118.69254302978516,87.56412506103516
2021-07-12,140.73028564453125,408.5084228515625,228.56666564941406,37.69935607910156,78.09783935546875,21.995723724365234,33.99219512939453,96.09174346923828,72.87267303466797,61.37617874145508,39.17829132080078,27.87832260131836,118.92308807373047,88.16390228271484
2021-07-13,141.8405303955078,407.11578369140625,222.84666442871094,37.355201721191406,77.89834594726562,21.82898712158203,33.625404357910156,95.16449737548828,73.1712417602539,61.358642578125,38.67070007324219,27.667551040649414,118.81242370605469,87.10828399658203
2021-07-14,145.2589569091797,407.7232971191406,217.7933349609375,37.278202056884766,77.84136962890625,21.17875099182129,33.46952438354492,95.15521240234375,73.71061706542969,61.901947021484375,39.009090423583984,27.90843391418457,118.7017593383789,86.94993591308594
2021-07-15,144.60643005371094,406.33074951171875,216.86666870117188,37.28274917602539,77.29043579101562,20.882801055908203,33.57955551147461,95.34064483642578,73.10382843017578,62.156089782714844,39.06830978393555,28.222450256347656,118.28679656982422,86.47969818115234
2021-07-16,142.57095336914062,403.14361572265625,214.74000549316406,36.721214294433594,76.8060073852539,20.29091453552246,33.121070861816406,94.49686431884766,72.3814697265625,62.25247573852539,39.110618591308594,28.5063533782959,118.60955047607422,85.41447448730469
2021-07-19,138.73374938964844,397.1899719238281,215.4066619873047,35.93326187133789,75.63766479492188,19.573984146118164,32.1949348449707,92.52179718017578,71.38457489013672,62.06844711303711,38.50149917602539,28.054691314697266,117.36461639404297,84.43561553955078
2021-07-20,142.3372039794922,402.88189697265625,220.1666717529297,36.3408203125,76.4925537109375,19.836578369140625,32.992698669433594,95.10883331298828,72.44406127929688,62.085975646972656,39.19521713256836,28.175132751464844,118.79399871826172,85.99506378173828
2021-07-21,141.60679626464844,406.1438293457031,218.42999267578125,36.739322662353516,77.12896728515625,20.52850341796875,33.56121826171875,96.01758575439453,73.142333984375,61.92824172973633,39.07677459716797,27.86542320251465,118.98764038085938,86.78680419921875
2021-07-22,142.97024536132812,406.99432373046875,216.4199981689453,36.75291442871094,77.3949203491211,20.299253463745117,33.19443130493164,95.66520690917969,73.68172454833984,61.823081970214844,38.7975959777832,27.90843391418457,119.86370849609375,87.16105651855469
2021-07-23,144.68438720703125,411.1815185546875,214.4600067138672,37.01103210449219,79.31364440917969,20.224225997924805,33.24944305419922,96.07319641113281,74.41370391845703,62.56794738769531,39.152923583984375,28.26546859741211,121.2469482421875,87.93838500976562
2021-07-26,145.1031494140625,412.1907653808594,219.2066650390625,37.32350158691406,79.72207641601562,20.724407196044922,33.44200897216797,96.02684020996094,74.37519836425781,62.673095703125,39.152923583984375,28.274072647094727,120.46311950683594,88.59095001220703
2021-07-27,142.94107055664062,410.3122253417969,214.92666625976562,37.373313903808594,78.77222442626953,20.532672882080078,33.4328498840332,95.49828338623047,73.67208099365234,62.80453872680664,39.465938568115234,28.760143280029297,121.02561950683594,87.69366455078125
2021-07-28,141.19773864746094,410.14404296875,215.66000366210938,37.481990814208984,79.38964080810547,20.720247268676758,33.38698959350586,95.27576446533203,73.5805892944336,62.25247573852539,39.22905349731445,28.54076385498047,121.45906829833984,87.41059112548828
2021-07-29,141.8405303955078,411.8450622558594,225.78334045410156,37.894081115722656,78.5347671508789,20.920316696166992,33.753787994384766,96.02684020996094,73.92249298095703,62.55916976928711,39.110618591308594,28.618192672729492,121.7541275024414,88.39421844482422
2021-07-30,142.05477905273438,409.8449401855469,229.06666564941406,38.04804992675781,78.268798828125,20.58685874938965,33.48786926269531,95.84137725830078,73.87432098388672,62.664344787597656,39.237518310546875,28.37730598449707,121.86479949951172,86.5756607055664
2021-08-02,141.7236785888672,408.9850769042969,236.55667114257812,37.586151123046875,78.08834075927734,20.432636260986328,33.49703598022461,95.18302917480469,73.6094741821289,62.40143966674805,39.25443649291992,28.596691131591797,122.03079986572266,86.8251724243164
2021-08-03,143.5157012939453,412.3123779296875,236.5800018310547,37.9755973815918,77.73687744140625,20.78276824951172,33.872989654541016,96.425537109375,74.08142852783203,62.6818733215332,39.41518020629883,28.760143280029297,123.72759246826172,87.46814727783203
2021-08-04,143.11636352539062,410.2841491699219,236.97332763671875,37.613319396972656,77.9553451538086,20.220056533813477,33.58872604370117,95.11811065673828,74.2306900024414,61.86688995361328,39.288272857666016,28.71712875366211,123.20196533203125,86.61885833740234
2021-08-05,143.2235107421875,412.88250732421875,238.2100067138672,37.55897521972656,78.66773986816406,20.44930648803711,34.028873443603516,95.56321716308594,74.64009094238281,62.16483688354492,39.60129165649414,29.031137466430664,122.69477844238281,87.4489517211914
2021-08-06,142.54074096679688,413.5647277832031,233.03334045410156,38.102386474609375,78.66773986816406,20.636878967285156,34.71661376953125,96.00830078125,74.57745361328125,62.16483688354492,39.53361892700195,29.013935089111328,122.59331512451172,86.85395812988281
2021-08-09,142.49197387695312,413.22833251953125,237.9199981689453,38.05710983276367,78.52525329589844,20.345104217529297,34.80830383300781,95.62811279296875,74.33665466308594,62.39269256591797,39.35594940185547,29.00533676147461,123.06360626220703,86.73401641845703
2021-08-10,142.01402282714844,413.7423095703125,236.663330078125,38.6322135925293,78.67723846435547,20.703567504882812,35.17508316040039,96.60173797607422,73.80211639404297,62.83959197998047,38.93295669555664,29.03544807434082,122.77774047851562,87.07470703125
2021-08-11,142.2676544189453,414.7703857421875,235.94000244140625,39.17563247680664,78.82921600341797,20.866130828857422,35.57855987548828,97.8535385131836,73.8117446899414,63.04990005493164,39.14445877075195,29.306434631347656,121.56050109863281,87.32902526855469
2021-08-12,145.22300720214844,416.013427734375,240.75,39.11223220825195,78.97171020507812,20.84528923034668,35.64274597167969,97.66807556152344,74.23551177978516,63.014869689941406,39.279808044433594,29.33655548095703,122.5195541381836,87.36738586425781
2021-08-13,145.42782592773438,416.7705993652344,239.05667114257812,39.14846420288086,79.01919555664062,20.599361419677734,35.376834869384766,97.36209106445312,74.64009094238281,63.54064178466797,39.54207992553711,29.543025970458984,123.28496551513672,87.11787414550781
2021-08-16,147.39808654785156,417.7519836425781,228.72332763671875,38.9537353515625,79.15217590332031,20.220056533813477,35.285133361816406,97.6959228515625,74.97716522216797,63.90868377685547,39.584381103515625,29.72368621826172,124.68666076660156,86.7148208618164
2021-08-17,146.49098205566406,415.0134582519531,221.90333557128906,38.50542449951172,78.49676513671875,20.01164436340332,35.037540435791016,96.63883972167969,74.3559341430664,63.94373321533203,39.660518646240234,29.74089241027832,126.1620864868164,84.65634155273438
2021-08-18,142.7552947998047,410.4711608886719,229.663330078125,38.05710983276367,77.89834594726562,19.594816207885742,34.6065673828125,95.58174896240234,73.33016967773438,63.146305084228516,39.24597930908203,29.590347290039062,124.2439956665039,84.9586410522461
2021-08-19,143.08694458007812,411.1066589355469,224.49000549316406,37.71746826171875,77.9078369140625,19.086301803588867,34.349815368652344,94.91412353515625,74.04771423339844,63.65455627441406,39.57591247558594,29.710777282714844,124.80652618408203,84.41644287109375
2021-08-20,144.54025268554688,414.3778991699219,226.75332641601562,37.939369201660156,78.58226776123047,19.127979278564453,34.56072235107422,95.16449737548828,75.00125122070312,63.75971984863281,39.76203918457031,30.080724716186523,125.5165786743164,85.22734069824219
2021-08-23,146.02279663085938,418.02301025390625,235.43333435058594,38.26542282104492,79.5321273803711,19.844913482666016,34.8449821472168,95.94338989257812,75.96920776367188,63.55815505981445,39.60976028442383,29.69358253479004,125.56273651123047,86.32615661621094
2021-08-24,145.93504333496094,418.6865539550781,236.163330078125,38.50542449951172,79.78858947753906,20.174211502075195,35.05588912963867,96.425537109375,75.88253784179688,63.07621383666992,39.31364822387695,29.500009536743164,125.12003326416016,86.9355239868164
2021-08-25,144.70608520507812,419.5650329589844,237.06666564941406,38.68203353881836,79.91207885742188,20.328426361083984,35.46852493286133,97.04683685302734,75.83919525146484,62.97103500366211,39.27135467529297,29.55593490600586,124.7788314819336,87.27142333984375
2021-08-26,143.90623474121094,417.08831787109375,233.72000122070312,38.41485595703125,79.21866607666016,20.01997947692871,35.29430389404297,96.6202621459961,75.3624267578125,62.6818733215332,39.29673385620117,29.482803344726562,124.29010772705078,86.46530151367188
2021-08-27,144.9401397705078,420.8174743652344,237.30667114257812,38.92205047607422,80.47248077392578,20.553510665893555,35.7619514465332,97.28791046142578,76.089599609375,62.90093231201172,39.61822509765625,29.474197387695312,124.15179443359375,87.25223541259766
2021-08-30,149.3488311767578,422.6680908203125,243.6366729736328,38.88128662109375,81.02342224121094,20.311756134033203,35.25762176513672,97.17664337158203,76.90830993652344,63.18134689331055,40.10043716430664,29.5172176361084,124.85265350341797,87.90958404541016
2021-08-31,148.09059143066406,422.04180908203125,245.24000549316406,38.768070220947266,81.3273696899414,20.174211502075195,35.21177673339844,96.90773010253906,76.5037612915039,63.32155990600586,40.33731460571289,29.482803344726562,124.68666076660156,88.1207046508789
2021-09-01,148.75384521484375,422.26617431640625,244.69667053222656,38.66844177246094,81.73582458496094,19.878259658813477,35.010032653808594,96.53683471679688,76.5230484008789,63.65455627441406,41.031044006347656,29.869945526123047,124.72352600097656,88.11592102050781
2021-09-02,149.86578369140625,423.5653076171875,244.1300048828125,38.91751480102539,81.18488311767578,20.382619857788086,35.129249572753906,97.57534790039062,76.44115447998047,63.89992141723633,41.225624084472656,30.14094352722168,126.06068420410156,88.11111450195312
2021-09-03,150.49978637695312,423.46246337890625,244.52333068847656,38.65939712524414,81.18488311767578,20.26590347290039,34.9091682434082,96.98190307617188,76.74456024169922,63.821048736572266,41.225624084472656,29.891447067260742,126.19901275634766,88.05836486816406
2021-09-07,152.8308868408203,421.9483642578125,250.97332763671875,38.40579605102539,81.37486267089844,20.145029067993164,34.698280334472656,95.3035659790039,76.7638168334961,63.08495330810547,40.768768310546875,29.49570655822754,125.46125793457031,88.31744384765625
2021-09-08,151.28981018066406,421.43438720703125,251.2899932861328,38.03899002075195,80.9569091796875,19.886598587036133,34.615745544433594,95.43339538574219,76.47003936767578,63.62826919555664,41.01411819458008,30.024803161621094,125.40596008300781,88.41820526123047
2021-09-09,150.2754364013672,419.63055419921875,251.6199951171875,38.05257797241211,80.5579833984375,19.92827796936035,34.71661376953125,94.9697494506836,76.18110656738281,63.260215759277344,40.142738342285156,29.861351013183594,123.95812225341797,88.30305480957031
2021-09-10,145.30105590820312,416.3218688964844,245.42333984375,38.04351806640625,80.03555297851562,19.91994285583496,34.459861755371094,94.54322052001953,75.42985534667969,62.98858642578125,39.6351432800293,29.444091796875,122.8238754272461,87.76084899902344
2021-09-13,145.8667755126953,417.3874206542969,247.6666717529297,38.03446578979492,80.23502349853516,20.49099349975586,34.85415267944336,94.79357147216797,75.45393371582031,63.146305084228516,39.8551025390625,29.392478942871094,122.06768035888672,87.9767837524414
2021-09-14,144.4719696044922,415.1349182128906,248.163330078125,37.61783981323242,79.54161834716797,20.195049285888672,34.386497497558594,93.653076171875,75.35760498046875,62.857120513916016,39.7704963684082,29.293533325195312,122.04923248291016,87.68407440185547
2021-09-15,145.3595428466797,418.6024475097656,251.94332885742188,38.016357421875,79.93107604980469,20.949495315551758,34.71661376953125,94.68231201171875,76.01737976074219,63.08495330810547,39.92277908325195,29.254825592041016,122.84233093261719,88.25027465820312
2021-09-16,145.12545776367188,417.93890380859375,252.3300018310547,37.60425567626953,79.85504913330078,20.7119083404541,34.615745544433594,94.03323364257812,76.06072235107422,62.87464904785156,39.99891662597656,29.00963592529297,122.52876281738281,88.65332794189453
2021-09-17,142.4626922607422,413.86767578125,253.163330078125,36.82989501953125,78.97171020507812,20.557687759399414,34.459861755371094,93.03179931640625,74.87602996826172,62.53288650512695,39.6351432800293,28.562274932861328,122.64866638183594,88.3414535522461
2021-09-20,139.41952514648438,406.9667663574219,243.38999938964844,36.12218475341797,77.3846206665039,19.929916381835938,33.66046905517578,91.96479797363281,73.51222229003906,61.90859603881836,39.363746643066406,28.50983428955078,121.36880493164062,86.32553100585938
2021-09-21,139.8975067138672,406.5823974609375,246.4600067138672,36.0357780456543,77.06110382080078,19.976320266723633,33.61442565917969,91.48106384277344,73.54117584228516,61.83806610107422,39.37226867675781,28.431814193725586,121.55387115478516,86.4552993774414
2021-09-22,142.25790405273438,410.5484924316406,250.64666748046875,36.408729553222656,77.0230484008789,20.5922794342041,34.176212310791016,92.20664978027344,74.54943084716797,62.014408111572266,39.70404815673828,28.414470672607422,121.75746154785156,87.63262176513672
2021-09-23,143.21377563476562,415.53662109375,251.2133331298828,36.92721939086914,77.81277465820312,21.313701629638672,35.014259338378906,93.6206283569336,75.54804229736328,62.243675231933594,39.50837707519531,28.262784957885742,122.6365966796875,88.52164459228516
2021-09-24,143.30152893066406,416.22113037109375,258.1300048828125,36.87264633178711,78.45028686523438,21.474016189575195,35.19845199584961,93.81597900390625,75.60111236572266,62.2701301574707,39.057491302490234,28.23244857788086,122.13688659667969,88.85321807861328
2021-09-27,141.78970336914062,415.0303039550781,263.78668212890625,37.159183502197266,78.44076538085938,22.23763084411621,35.677345275878906,93.90901184082031,74.86783599853516,61.98796081542969,38.41091537475586,27.898717880249023,120.39707946777344,89.32894897460938
2021-09-28,138.4149169921875,406.666748046875,259.1866760253906,36.699806213378906,76.52828216552734,22.313573837280273,35.08793640136719,92.82061767578125,72.64867401123047,61.25608825683594,38.18122100830078,27.54765510559082,118.33343505859375,87.60860443115234
2021-09-29,139.31224060058594,407.3511657714844,260.4366760253906,36.549720764160156,76.46165466308594,22.313573837280273,35.11555862426758,92.92294311523438,72.55699920654297,61.811607360839844,38.42792892456055,27.907390594482422,119.26808166503906,87.69511413574219
2021-09-30,138.01499938964844,402.37249755859375,258.49334716796875,35.981204986572266,76.22380065917969,21.976064682006836,34.5629997253418,91.01592254638672,72.03599548339844,60.700584411621094,37.81540298461914,27.686351776123047,117.80592346191406,86.23424530029297
2021-10-01,139.13671875,407.15423583984375,258.40667724609375,36.55426788330078,77.50830078125,22.71436309814453,35.13398361206055,92.26246643066406,73.12144470214844,60.85929489135742,38.223758697509766,27.686351776123047,117.83370971679688,86.88298797607422
2021-10-04,135.71315002441406,401.9035339355469,260.510009765625,36.39508819580078,75.83366394042969,23.08562660217285,34.830078125,91.7601318359375,71.42811584472656,60.66530990600586,38.26629638671875,28.0677490234375,116.03839111328125,86.19581604003906
2021-10-05,137.63462829589844,406.08538818359375,260.1966552734375,36.71800994873047,76.96595001220703,23.22062873840332,35.511566162109375,92.78340911865234,72.44603729248047,60.973934173583984,37.96853256225586,27.9984073638916,116.73246002197266,86.54178619384766
2021-10-06,138.50274658203125,407.7731018066406,260.9166564941406,36.649784088134766,77.0991439819336,22.975933074951172,35.54840850830078,93.1927261352539,72.91881561279297,61.5647087097168,38.334354400634766,28.431814193725586,116.51959228515625,86.81571197509766
2021-10-07,139.76089477539062,411.29852294921875,264.53668212890625,37.12734603881836,77.43219757080078,23.15312957763672,35.76022720336914,93.91832733154297,73.5845718383789,61.83806610107422,38.376888275146484,28.280120849609375,118.0650634765625,88.16605377197266
2021-10-08,139.38055419921875,410.5484924316406,261.8299865722656,36.922672271728516,77.05158996582031,23.86611557006836,35.935203552246094,93.90901184082031,73.30960083007812,61.76750946044922,37.96003341674805,28.07208251953125,117.47277069091797,87.76239776611328
2021-10-11,139.2927703857422,407.5762023925781,263.9800109863281,36.92721939086914,75.89077758789062,23.77751922607422,35.57604217529297,93.155517578125,72.90435028076172,61.74988555908203,38.011070251464844,27.69068145751953,116.55661010742188,87.40678405761719
2021-10-12,138.02479553222656,406.5729675292969,268.5733337402344,36.97726058959961,75.18667602539062,23.79861068725586,35.46551513671875,92.84851837158203,72.52806854248047,61.776336669921875,38.52152633666992,27.87704849243164,115.99211120605469,88.09876251220703
2021-10-13,137.43955993652344,408.03564453125,270.3599853515625,37.254703521728516,75.53872680664062,23.77751922607422,35.262908935546875,93.04387664794922,72.9719009399414,61.89098358154297,38.74271011352539,28.20210838317871,116.17716979980469,88.53125
2021-10-14,140.2193603515625,414.8990478515625,272.7733459472656,38.15980529785156,76.6043930053711,24.068618774414062,35.852317810058594,94.80207061767578,74.61697387695312,62.58755874633789,39.28717803955078,28.548839569091797,117.84294128417969,89.45872497558594
2021-10-15,141.2727813720703,418.0588684082031,281.010009765625,38.27350997924805,76.42361450195312,24.186750411987305,36.3864631652832,95.71369934082031,75.2151870727539,62.437652587890625,39.304195404052734,28.46648597717285,118.42596435546875,90.8282699584961
2021-10-18,142.94064331054688,419.2965087890625,290.03668212890625,38.24622344970703,77.01354217529297,24.203622817993164,36.39567947387695,95.77881622314453,75.85197448730469,62.06730651855469,39.37226867675781,28.19344139099121,117.62083435058594,91.93834686279297
2021-10-19,145.09619140625,422.53131103515625,288.0899963378906,38.44633865356445,77.75569152832031,24.47784996032715,36.75484085083008,96.34626770019531,76.60454559326172,62.093772888183594,39.55091857910156,28.548839569091797,119.16629791259766,91.6788330078125
2021-10-20,145.5838623046875,424.1908874511719,288.6000061035156,38.755615234375,77.90795135498047,24.676136016845703,37.04954528808594,96.95095825195312,76.39231872558594,62.45528030395508,40.154945373535156,28.999588012695312,120.86906433105469,91.611572265625
2021-10-21,145.79844665527344,425.29730224609375,298.0,38.65557098388672,78.13629150390625,24.22049903869629,36.89298629760742,97.14630126953125,76.68657684326172,62.37593460083008,40.28254699707031,28.999588012695312,121.35952758789062,92.95709991455078
2021-10-22,145.02793884277344,424.8565673828125,303.2266540527344,38.58278274536133,76.48070526123047,24.448318481445312,37.40871047973633,97.4905014038086,76.4212417602539,62.860904693603516,40.571800231933594,29.14694595336914,121.85002136230469,92.62552642822266
2021-10-25,144.9791717529297,427.1351013183594,341.6199951171875,38.96939468383789,76.81372833251953,24.806922912597656,37.36266326904297,97.71375274658203,76.67210388183594,62.816810607910156,40.6909065246582,29.02125358581543,121.99808502197266,94.92253875732422
2021-10-26,145.64244079589844,427.5195007324219,339.4766540527344,39.07854461669922,76.12864685058594,24.95036506652832,37.39029312133789,97.10909271240234,76.88919830322266,63.037254333496094,40.878074645996094,29.177288055419922,122.59962463378906,94.93697357177734
2021-10-27,145.1840057373047,425.6254577636719,345.9533386230469,38.51911544799805,75.9193344116211,24.233156204223633,36.77326965332031,95.97418212890625,76.82164764404297,62.66691207885742,40.58030319213867,28.982250213623047,121.6279067993164,95.14839935302734
2021-10-28,148.8123779296875,429.7322692871094,359.0133361816406,38.90116882324219,76.16670989990234,24.406129837036133,37.22452163696289,97.17420959472656,77.59355163574219,62.887359619140625,41.17582321166992,29.172948837280273,122.64586639404297,96.41224670410156
2021-10-29,146.11058044433594,430.6042785644531,371.3333435058594,38.714683532714844,76.40459442138672,24.245811462402344,37.07716369628906,97.20211791992188,77.92642211914062,62.82561111450195,40.68239974975586,28.999588012695312,123.8396987915039,96.66212463378906
2021-11-01,145.291259765625,431.34503173828125,402.86334228515625,38.8056526184082,76.52828216552734,24.66347885131836,37.09558868408203,97.47187805175781,77.81062316894531,62.922630310058594,40.77598190307617,29.10360336303711,123.69157409667969,98.43534088134766
2021-11-02,146.32518005371094,433.0890197753906,390.6666564941406,39.24683380126953,76.53780364990234,24.43144416809082,37.18769073486328,97.79747772216797,78.49567413330078,63.34587860107422,41.1588134765625,29.129606246948242,124.46894836425781,97.77217864990234
2021-11-03,147.7589874267578,435.7331237792969,404.6199951171875,39.65617370605469,76.81372833251953,24.22893714904785,37.325836181640625,97.58352661132812,78.95397186279297,63.9366569519043,41.39701461791992,29.02125358581543,125.20002746582031,99.531005859375
2021-11-04,147.24200439453125,437.78643798828125,409.9700012207031,39.6334342956543,77.11820220947266,24.26268768310547,36.83773422241211,97.9742202758789,80.18900299072266,63.99837875366211,40.929107666015625,28.860891342163086,124.33940124511719,100.87171173095703
2021-11-05,147.7694854736328,439.30548095703125,407.36334228515625,39.942710876464844,77.73664855957031,24.579099655151367,36.85615158081055,98.96958923339844,80.60387420654297,64.36872100830078,41.02268600463867,29.133939743041992,122.95124816894531,101.52046966552734
2021-11-08,146.948974609375,439.6805114746094,387.64666748046875,40.443016052246094,77.39411926269531,24.80270004272461,37.058753967285156,99.3788833618164,81.03807067871094,63.857303619384766,41.01419448852539,28.70053482055664,123.68232727050781,100.08362579345703
2021-11-09,147.31040954589844,438.2271423339844,341.1666564941406,40.6295051574707,77.2038345336914,24.903955459594727,36.85615158081055,99.63006591796875,80.70518493652344,64.07775115966797,41.167320251464844,28.847888946533203,123.2288818359375,98.2335205078125
2021-11-10,144.48745727539062,434.7017517089844,355.98333740234375,40.35205841064453,76.3284683227539,24.245811462402344,36.791690826416016,99.0719223022461,79.37369537353516,64.27173614501953,40.96314239501953,29.081932067871094,123.58052825927734,97.86829376220703
2021-11-11,144.43862915039062,434.8423156738281,354.5033264160156,40.67498016357422,76.17621612548828,24.3386287689209,36.89298629760742,98.66261291503906,79.74517059326172,64.22761535644531,40.980159759521484,28.904233932495117,123.21963500976562,97.60400390625
2021-11-12,146.50946044921875,438.1240539550781,344.47332763671875,40.97972106933594,77.28945922851562,24.27956199645996,36.97586441040039,99.44403076171875,80.71482849121094,64.22761535644531,40.99716567993164,28.886898040771484,123.83038330078125,97.9307632446289
2021-11-15,146.51919555664062,438.2740783691406,337.7966613769531,40.793235778808594,77.50830078125,24.482067108154297,36.97586441040039,99.63006591796875,80.63285064697266,64.53626251220703,41.226871490478516,29.268301010131836,123.06233215332031,97.84906768798828
2021-11-16,147.49598693847656,440.0086364746094,351.57666015625,40.679527282714844,76.92790985107422,24.52004051208496,36.93902587890625,99.648681640625,81.48190307617188,64.1306381225586,40.97165298461914,29.129606246948242,123.58052825927734,99.39164733886719
2021-11-17,149.92820739746094,438.93975830078125,363.0033264160156,40.41119384765625,76.6329345703125,24.144559860229492,36.51539611816406,99.0533218383789,81.23584747314453,63.98954772949219,41.2438850402832,29.155616760253906,123.7563705444336,100.02594757080078
2021-11-18,154.20657348632812,440.4305725097656,365.4599914550781,40.23835372924805,76.08108520507812,24.001115798950195,36.33121871948242,98.84866333007812,82.04635620117188,63.76030349731445,41.23538589477539,29.003917694091797,123.80264282226562,101.1600570678711
2021-11-19,156.82435607910156,439.6429748535156,379.0199890136719,40.16558074951172,75.82418823242188,23.064531326293945,35.935203552246094,98.35564422607422,82.64453125,63.53104782104492,41.01419448852539,29.168617248535156,123.05306243896484,101.59733581542969
2021-11-22,157.2834930419922,438.4053649902344,385.6233215332031,40.229248046875,74.90122985839844,23.4737606048584,36.44173049926758,98.6253890991211,81.72312927246094,64.0336685180664,40.81000518798828,29.346311569213867,122.49781036376953,101.3426513671875
2021-11-23,157.66439819335938,438.9866943359375,369.6766662597656,40.27018356323242,74.70140838623047,24.195186614990234,37.0127067565918,98.79283142089844,81.53496551513672,64.45691680908203,41.2438850402832,29.37665367126465,122.62734985351562,100.60740661621094
2021-11-24,158.18211364746094,440.1586608886719,372.0,39.9836540222168,74.80607604980469,24.43144416809082,36.92981719970703,98.68121337890625,82.12836456298828,64.26290130615234,41.7968635559082,29.39399528503418,122.58110046386719,100.81404876708984
2021-11-26,153.1711883544922,430.34173583984375,360.6400146484375,39.29685974121094,73.4359359741211,23.448448181152344,35.7049674987793,96.01139831542969,80.07804870605469,63.4516716003418,40.66538619995117,28.934574127197266,122.12763214111328,98.0653305053711
2021-11-29,156.52157592773438,435.6205749511719,378.9966735839844,39.478790283203125,74.06391143798828,23.58344841003418,35.81548309326172,96.17884063720703,82.08012390136719,63.610416412353516,41.17582321166992,29.3636474609375,122.46080017089844,99.58863830566406
2021-11-30,161.46417236328125,427.1444091796875,381.586669921875,38.50092315673828,71.71373748779297,23.03077507019043,34.959007263183594,93.74156188964844,81.39507293701172,61.97913360595703,40.31657791137695,28.5054931640625,120.05467224121094,98.24313354492188
2021-12-01,160.9464569091797,422.3999938964844,365.0,38.109779357910156,70.05813598632812,22.786083221435547,34.57220458984375,92.43922424316406,80.28067016601562,61.679344177246094,39.78911590576172,28.557504653930664,119.84186553955078,96.46990966796875
2021-12-02,159.95986938476562,428.8695983886719,361.5333251953125,38.887516021728516,71.2380142211914,23.448448181152344,35.60365676879883,95.1834716796875,81.01876068115234,62.33184051513672,40.878074645996094,28.92157745361328,120.42487335205078,97.84425354003906
2021-12-03,158.0843963623047,425.137939453125,338.3233337402344,38.80110168457031,71.07623291015625,23.262819290161133,35.02346420288086,95.07182312011719,79.66316223144531,63.10780715942383,40.67388153076172,29.211963653564453,120.6469497680664,95.94129180908203
2021-12-06,161.4837188720703,430.1730041503906,336.336669921875,39.36963653564453,72.24657440185547,23.6087646484375,35.5576171875,96.68119812011719,80.42057037353516,64.21881866455078,41.26089859008789,29.65837287902832,121.33177947998047,97.03695678710938
2021-12-07,167.20773315429688,439.0710144042969,350.5833435058594,39.970001220703125,72.98873901367188,24.161436080932617,36.19306945800781,97.66722106933594,83.22827911376953,64.35990905761719,41.99253845214844,29.879413604736328,122.89571380615234,99.30032348632812
2021-12-08,171.0171661376953,440.2336730957031,356.32000732421875,40.13829040527344,73.52155303955078,24.157215118408203,35.99967575073242,97.90911102294922,83.60939025878906,64.1571044921875,42.17119598388672,29.849075317382812,123.82115936279297,99.55021667480469
2021-12-09,170.50927734375,437.261474609375,334.6000061035156,39.91542434692383,72.94115447998047,23.971586227416992,35.92599868774414,97.60212707519531,82.70726013183594,64.33344268798828,41.635231018066406,29.8100643157959,124.1080322265625,97.82505798339844
2021-12-10,175.28578186035156,441.3775939941406,339.010009765625,40.16102981567383,72.9792251586914,24.14877700805664,35.962833404541016,98.00214385986328,84.3668212890625,65.41803741455078,41.84791564941406,29.970428466796875,124.54296875,98.5074234008789
2021-12-13,171.66192626953125,437.4676818847656,322.13665771484375,39.91996765136719,72.59861755371094,23.477985382080078,35.57604217529297,96.9881591796875,83.11249542236328,66.27334594726562,42.40940856933594,30.338834762573242,125.71826171875,95.97014617919922
2021-12-14,170.28460693359375,434.4578552246094,319.5033264160156,39.87903594970703,72.4083251953125,23.38094711303711,35.7878532409668,96.06719970703125,81.74723052978516,66.31741333007812,41.94149398803711,30.156795501708984,125.20928192138672,95.4126968383789
2021-12-15,175.13929748535156,441.2463073730469,325.3299865722656,39.96546173095703,73.16950988769531,23.267040252685547,35.889163970947266,96.90442657470703,83.91334533691406,66.98756408691406,42.56252670288086,30.650882720947266,127.772705078125,96.62366485595703
2021-12-16,168.26263427734375,437.3551940917969,308.97332763671875,40.37480545043945,73.06485748291016,23.41469955444336,36.34041976928711,96.95095825195312,81.53496551513672,67.4637222290039,42.72417449951172,30.806915283203125,128.53150939941406,94.49006652832031
2021-12-17,167.1686248779297,432.700439453125,310.8566589355469,39.86994552612305,72.76991271972656,22.937965393066406,35.5391960144043,95.29510498046875,80.98983001708984,66.30859375,42.57954406738281,30.343168258666992,127.6338882446289,93.84611511230469
2021-12-20,165.81088256835938,428.0993957519531,299.9800109863281,39.15773391723633,72.26168823242188,22.653778076171875,34.8488883972168,93.76839447021484,80.02654266357422,66.32813262939453,42.30069351196289,30.37199592590332,126.86095428466797,92.33108520507812
2021-12-21,168.9757080078125,435.7020263671875,312.84332275390625,39.65143585205078,73.63465118408203,23.299076080322266,35.570655822753906,95.63590240478516,82.05171966552734,66.2393569946289,42.54093551635742,30.328310012817383,127.39047241210938,94.72299194335938
2021-12-22,171.56422424316406,440.0584716796875,336.2900085449219,39.966861724853516,73.81583404541016,23.448644638061523,35.73722839355469,95.9067153930664,83.1247329711914,66.65662384033203,42.96137619018555,30.459354400634766,128.87686157226562,96.45072937011719
2021-12-23,172.18934631347656,442.7965393066406,355.6666564941406,40.36912536621094,74.47369384765625,23.461469650268555,35.92229461669922,97.03656768798828,83.58875274658203,66.80755615234375,42.83266830444336,30.454992294311523,129.40635681152344,97.78863525390625
2021-12-27,176.14535522460938,449.0630798339844,364.64666748046875,40.977115631103516,75.19832611083984,23.974287033081055,36.29243087768555,98.0636978149414,85.38191986083984,67.51779174804688,43.70785140991211,30.603504180908203,130.77197265625,98.74156951904297
2021-12-28,175.1294708251953,448.6960144042969,362.8233337402344,41.21482467651367,75.1601791381836,23.95719337463379,36.310943603515625,98.5586166381836,84.93726348876953,67.89955139160156,43.89661407470703,30.87870216369629,130.42819213867188,98.78488159179688
2021-12-29,175.21742248535156,449.27008056640625,362.0633239746094,41.38395690917969,74.78833770751953,23.803348541259766,36.264678955078125,98.73601531982422,85.00975799560547,68.21028900146484,44.1626091003418,31.04469871520996,131.17140197753906,98.98220825195312
2021-12-30,174.06480407714844,448.0279541015625,356.7799987792969,41.2376708984375,75.10296630859375,23.658050537109375,36.19990158081055,98.3812026977539,84.44908905029297,67.9971923828125,44.35995101928711,31.158262252807617,131.4408721923828,98.6260757446289
2021-12-31,173.44943237304688,446.89892578125,352.260009765625,41.420528411865234,74.0636978149414,23.717880249023438,36.1351318359375,98.80138397216797,84.03826141357422,68.45887756347656,44.4543342590332,31.267471313476562,130.8834686279297,98.39025115966797
2022-01-03,177.786376953125,449.48638916015625,399.9266662597656,40.881107330322266,74.5785903930664,24.452919006347656,36.57929611206055,97.98900604248047,84.83575439453125,68.4499740600586,44.042484283447266,30.95733070373535,129.53640747070312,101.21527862548828
2022-01-04,175.52999877929688,449.3359069824219,383.1966552734375,41.38395690917969,74.41649627685547,25.299070358276367,37.54166793823242,99.95924377441406,83.9367446899414,68.91166687011719,43.87088394165039,30.86123275756836,127.82709503173828,100.5992660522461
2022-01-05,170.86090087890625,440.70770263671875,362.7066650390625,41.37937927246094,72.5477294921875,25.2947940826416,37.10674285888672,99.00679779052734,81.35574340820312,68.8495101928711,42.44655227661133,30.8437557220459,126.91669464111328,97.88491821289062
2022-01-06,168.0086669921875,440.2936706542969,354.8999938964844,40.85825729370117,72.87191772460938,25.858896255493164,37.65270233154297,99.46434783935547,80.94487762451172,68.6630630493164,42.49803924560547,30.524879455566406,125.44892120361328,97.62984466552734
2022-01-07,168.1747589111328,438.5529479980469,342.32000732421875,40.82168960571289,72.88146209716797,26.21359634399414,38.096885681152344,99.43633270263672,80.2005386352539,68.7341079711914,42.27494812011719,30.756399154663086,124.80795288085938,96.0031509399414
2022-01-10,168.19427490234375,438.0072937011719,352.7066650390625,40.40569305419922,72.42381286621094,26.132400512695312,37.96733093261719,98.31582641601562,80.21501922607422,68.19253540039062,42.026119232177734,30.555452346801758,126.08988952636719,95.41600799560547
2022-01-11,171.0171661376953,441.99676513671875,354.79998779296875,40.849117279052734,73.32955932617188,27.02128028869629,38.30046081542969,98.90409851074219,81.1768798828125,68.11263275146484,41.95748519897461,30.280261993408203,127.09320068359375,96.33523559570312
2022-01-12,171.45675659179688,443.191650390625,368.739990234375,41.260528564453125,73.42491912841797,27.07256507873535,38.32822036743164,99.22157287597656,81.5587158203125,68.13926696777344,42.069026947021484,30.376361846923828,126.73092651367188,96.97050476074219
2022-01-13,168.19427490234375,437.08514404296875,343.85333251953125,40.9405403137207,72.66216278076172,26.935819625854492,38.18015670776367,99.43633270263672,79.4465103149414,68.26354217529297,41.92315673828125,30.524879455566406,124.76148986816406,95.0213851928711
2022-01-14,169.05386352539062,437.263916015625,349.8699951171875,40.59312057495117,72.99585723876953,27.56829261779785,37.78226852416992,98.8387451171875,80.11836242675781,68.38785552978516,41.43408203125,30.315204620361328,124.54784393310547,94.57859802246094
2022-01-18,165.8597412109375,429.5201721191406,343.5033264160156,40.05828094482422,72.10914611816406,27.679405212402344,36.940185546875,97.69953155517578,78.19467163085938,67.40238189697266,41.15093231201172,29.9526424407959,122.80133056640625,92.7883071899414
2022-01-19,162.37252807617188,425.0602111816406,331.8833312988281,39.95771789550781,71.98522186279297,27.478553771972656,36.32019805908203,96.60704803466797,77.10232543945312,67.82853698730469,40.61896514892578,30.088050842285156,122.2997055053711,91.11347961425781
2022-01-20,160.69252014160156,420.3555603027344,332.0899963378906,39.37716293334961,71.27012634277344,27.22641372680664,36.088863372802734,95.37445831298828,76.1066665649414,67.38462829589844,40.25858688354492,30.12737274169922,121.50078582763672,89.453125
2022-01-21,158.6412353515625,412.103759765625,314.6333312988281,38.41718673706055,68.8578872680664,26.68795394897461,35.348575592041016,94.49673461914062,74.59381103515625,67.43788146972656,40.232852935791016,30.07059097290039,120.2745361328125,86.83020782470703
2022-01-24,157.86952209472656,413.85382080078125,310.0,38.440040588378906,69.36322021484375,26.867446899414062,35.45036697387695,95.03831481933594,74.98047637939453,67.21593475341797,40.31865310668945,29.782291412353516,119.87506866455078,87.87455749511719
2022-01-25,156.07223510742188,408.8011474609375,306.1333312988281,38.092620849609375,67.94258880615234,27.910173416137695,35.59842300415039,94.10455322265625,73.24528503417969,66.4701919555664,40.20709991455078,29.314895629882812,119.10404205322266,86.38744354248047
2022-01-26,155.9843292236328,407.7755126953125,312.4700012207031,37.694915771484375,66.95101165771484,27.863157272338867,35.690956115722656,93.28282928466797,73.6754379272461,65.9641342163086,39.537841796875,29.07463836669922,118.48159790039062,85.96873474121094
2022-01-27,155.52525329589844,405.7618408203125,276.3666687011719,37.82291793823242,67.02727508544922,28.166582107543945,35.36708068847656,92.45179748535156,73.1679458618164,66.40804290771484,38.82569122314453,29.332366943359375,118.7881851196289,83.88485717773438
2022-01-28,166.37744140625,415.83917236328125,282.1166687011719,38.042335510253906,68.9437255859375,28.04693031311035,35.82975769042969,93.09608459472656,76.3676528930664,67.18930053710938,40.17279052734375,29.68619155883789,121.21280670166016,85.71366882324219
2022-01-31,170.72418212890625,423.3289489746094,312.239990234375,38.60459899902344,70.50736236572266,28.17085838317871,36.144378662109375,94.06720733642578,78.28651428222656,67.44676971435547,40.61896514892578,30.249691009521484,121.9095230102539,89.01033782958984
2022-02-01,170.55810546875,426.1893615722656,310.4166564941406,39.19887924194336,71.11756134033203,29.175125122070312,36.644073486328125,95.3651351928711,78.48951721191406,67.38462829589844,40.344390869140625,29.84781837463379,122.23468017578125,89.54936981201172
2022-02-02,171.75961303710938,430.3293762207031,301.88665771484375,39.32229995727539,72.53820037841797,29.26914405822754,36.89391326904297,96.02809143066406,79.12753295898438,68.19253540039062,41.03939437866211,30.28899383544922,123.87897491455078,89.0151596069336
2022-02-03,168.88780212402344,420.2144775390625,297.0466613769531,38.6366081237793,67.68516540527344,28.991365432739258,36.48676300048828,94.49673461914062,76.83164978027344,68.21028900146484,40.61896514892578,30.15358543395996,123.34945678710938,86.29119873046875
2022-02-04,168.60421752929688,422.1903991699219,307.7733459472656,37.99662780761719,67.85678100585938,29.444358825683594,37.10674285888672,93.47894287109375,77.1409912109375,67.37576293945312,40.061241149902344,29.913333892822266,122.903564453125,88.74565124511719
2022-02-07,167.89019775390625,420.83551025390625,302.4466552734375,37.80919647216797,66.67450714111328,29.8204288482666,37.21779251098633,93.55363464355469,76.6286392211914,67.50003051757812,40.06981658935547,29.86965560913086,122.68988037109375,88.56275939941406
2022-02-08,170.9905548095703,424.29803466796875,307.3333435058594,38.39433288574219,66.64590454101562,29.179401397705078,37.73598861694336,94.4874038696289,77.57600402832031,67.75749206542969,39.7094612121582,29.891494750976562,123.69316101074219,89.80925750732422
2022-02-09,172.40870666503906,430.5080871582031,310.6666564941406,39.230873107910156,68.52418518066406,29.422990798950195,37.97658920288086,95.78532409667969,79.29669952392578,67.77526092529297,40.670440673828125,30.02254295349121,124.65003204345703,90.99799346923828
2022-02-10,168.34011840820312,422.7738037109375,301.51666259765625,39.0023078918457,67.54212951660156,29.239225387573242,37.643455505371094,94.21661376953125,77.2231674194336,67.04724884033203,39.51210403442383,29.262474060058594,122.69913482666016,89.4290542602539
2022-02-11,164.93655395507812,414.4372253417969,286.6666564941406,38.39890670776367,66.08336639404297,30.089656829833984,37.11600112915039,92.77861022949219,74.86446380615234,66.80755615234375,38.971553802490234,29.27994728088379,120.99913024902344,86.85908508300781
2022-02-14,165.1712646484375,413.0823669433594,291.9200134277344,38.08348083496094,66.09291076660156,29.380258560180664,36.69959259033203,92.43311309814453,74.8403091430664,66.6211166381836,38.55111312866211,29.03095817565918,119.76359558105469,87.35477447509766
2022-02-15,168.99539184570312,419.7440490722656,307.4766540527344,38.78289031982422,67.01776123046875,29.072561264038086,37.19929122924805,93.8244400024414,76.80750274658203,66.73653411865234,38.7398796081543,28.895549774169922,121.110595703125,89.30872344970703
2022-02-16,168.7606658935547,420.2144775390625,307.7966613769531,39.066307067871094,66.55056762695312,29.307605743408203,37.22705078125,94.31932830810547,76.73016357421875,66.86083221435547,38.84284591674805,28.96107292175293,121.29642486572266,89.56379699707031
2022-02-17,165.1712646484375,411.238037109375,292.1166687011719,38.39890670776367,64.77717590332031,29.260589599609375,36.30168914794922,92.59188079833984,74.43428802490234,67.37576293945312,38.508216857910156,28.97854232788086,119.34556579589844,87.16709899902344
2022-02-18,163.62594604492188,408.5753173828125,285.6600036621094,38.334903717041016,64.2718276977539,29.081111907958984,36.29243087768555,91.826171875,73.6802978515625,67.50003051757812,38.336605072021484,28.92612648010254,118.45374298095703,86.6280746459961
2022-02-22,160.7113800048828,404.19061279296875,273.84332275390625,37.790916442871094,63.61394119262695,28.611026763916016,36.10737228393555,90.93909454345703,72.998779296875,66.97624206542969,38.2336540222168,28.895549774169922,118.15646362304688,84.1014404296875
2022-02-23,156.5547637939453,397.020751953125,254.67999267578125,37.30634689331055,62.546085357666016,28.905895233154297,35.47813034057617,89.26766967773438,71.1717529296875,66.43468475341797,37.73598861694336,28.40631103515625,117.56193542480469,81.29081726074219
2022-02-24,159.1661376953125,402.99566650390625,266.92333984375,37.196651458740234,64.3004379272461,28.67940330505371,35.052452087402344,90.4068603515625,73.60294342041016,65.28939819335938,38.38809585571289,28.63345718383789,118.03570556640625,83.14851379394531
2022-02-25,161.22976684570312,411.8873291015625,269.9566650390625,38.5543212890625,65.33966827392578,29.435813903808594,36.181396484375,92.5638427734375,74.60346984863281,67.39350891113281,39.34907913208008,29.520198822021484,121.6494140625,84.79443359375
2022-02-28,161.49380493164062,410.8335266113281,290.1433410644531,38.11547088623047,65.263427734375,30.162303924560547,35.644691467285156,93.27349853515625,74.46810150146484,66.49681854248047,38.67124557495117,29.67308235168457,120.7297592163086,85.3912124633789
2022-03-01,159.61599731445312,404.5764465332031,288.1233215332031,37.23779296875,64.44345092773438,30.465723037719727,34.330684661865234,91.8822021484375,72.97945404052734,66.10618591308594,38.594017028808594,29.415359497070312,120.06086730957031,84.09661102294922
2022-03-02,162.90216064453125,412.01904296875,293.2966613769531,38.05604934692383,64.99644470214844,31.162296295166016,35.21903610229492,93.84310150146484,74.55997467041016,66.80755615234375,39.280433654785156,29.77355194091797,121.87237548828125,85.86286163330078
2022-03-03,162.57940673828125,409.9678039550781,279.7633361816406,38.10175704956055,64.31948852539062,31.24777603149414,35.10798645019531,93.94580078125,73.67060852050781,67.34912872314453,39.7094612121582,30.29773712158203,122.49478149414062,83.91854095458984
2022-03-04,159.586669921875,406.63702392578125,279.42999267578125,37.96920394897461,63.39466094970703,32.14947509765625,34.45097351074219,93.74039459228516,72.3801040649414,67.35799407958984,40.04408264160156,30.9660701751709,123.10789489746094,82.5854263305664
2022-03-07,155.8016357421875,394.6496887207031,268.1933288574219,36.65266036987305,61.28752899169922,32.62382888793945,33.19249725341797,91.22855377197266,69.73139953613281,66.13282775878906,39.314762115478516,31.36794090270996,120.96198272705078,78.5379867553711
2022-03-08,153.98251342773438,391.6575927734375,274.79998779296875,36.46524429321289,61.13499069213867,33.13665008544922,32.998165130615234,90.66830444335938,69.39305877685547,64.34833526611328,38.962974548339844,30.883071899414062,118.49091339111328,78.70160675048828
2022-03-09,159.37147521972656,402.15826416015625,286.3233337402344,37.59434509277344,62.96562194824219,32.12384033203125,34.21039581298828,92.31173706054688,72.13843536376953,64.7833480834961,39.61506271362305,30.664655685424805,120.7297592163086,81.23307800292969
2022-03-10,155.03872680664062,400.34228515625,279.4333190917969,37.694915771484375,62.4984245300293,33.10673904418945,33.92352294921875,92.19036102294922,70.87689208984375,64.1707534790039,39.752342224121094,30.86996078491211,120.68328094482422,81.81060028076172
2022-03-11,151.33201599121094,395.251953125,265.1166687011719,37.41606903076172,61.373355865478516,32.84178161621094,33.68293380737305,91.45267486572266,69.62987518310547,63.425010681152344,39.35765838623047,30.76512908935547,119.78218841552734,80.23683166503906
2022-03-14,147.3122100830078,392.36322021484375,255.4566650390625,37.36122131347656,60.65826416015625,31.8588809967041,34.10859680175781,91.76080322265625,68.3393783569336,63.76236343383789,39.11741256713867,30.730188369750977,120.62755584716797,78.89892578125
2022-03-15,151.68408203125,400.99151611328125,267.2966613769531,37.790916442871094,61.82146453857422,30.692216873168945,34.58979415893555,93.21748352050781,70.63524627685547,65.19174194335938,39.42630386352539,31.12332534790039,123.03362274169922,81.54108428955078
2022-03-16,156.08526611328125,409.8831787109375,280.07666015625,38.38518142700195,63.52813720703125,30.551185607910156,35.56140899658203,94.4500503540039,72.93109893798828,65.26275634765625,39.8639030456543,31.06653594970703,124.51066589355469,84.32279205322266
2022-03-17,157.09263610839844,415.0111083984375,290.5333251953125,39.12116622924805,64.21460723876953,31.60247802734375,36.005577087402344,95.66393280029297,73.44828796386719,65.71553802490234,40.43019104003906,31.19757843017578,126.48011016845703,85.72810363769531
2022-03-18,160.37884521484375,419.55670166015625,301.7966613769531,39.35887145996094,65.05364990234375,31.572551727294922,36.088863372802734,96.02809143066406,74.95146179199219,65.86649322509766,40.524574279785156,30.931119918823242,127.26042938232422,87.53285217285156
2022-03-21,161.74810791015625,419.43402099609375,307.0533447265625,39.68603515625,64.44475555419922,32.845298767089844,36.053558349609375,96.24452209472656,74.80911254882812,65.95121002197266,40.31660842895508,31.13779640197754,127.16350555419922,86.79973602294922
2022-03-22,165.112548828125,424.3420104980469,331.32666015625,39.90169143676758,65.649169921875,32.60368728637695,36.63881301879883,96.76915740966797,75.88408660888672,66.44171142578125,40.34249496459961,31.181772232055664,127.19147491455078,88.95428466796875
2022-03-23,166.47203063964844,418.87713623046875,333.03668212890625,39.71815490722656,64.75062561035156,33.164554595947266,35.96065139770508,95.84164428710938,74.71710205078125,65.90660858154297,39.8851318359375,31.22574806213379,124.90837097167969,87.8504867553711
2022-03-24,170.24729919433594,425.19140625,337.97332763671875,40.51655197143555,65.81165313720703,33.24653244018555,36.24864196777344,96.57242584228516,76.65888214111328,66.37034606933594,40.195796966552734,31.546756744384766,126.39937591552734,88.53495025634766
2022-03-25,170.8830108642578,427.26788330078125,336.8800048828125,40.9708137512207,66.12710571289062,33.97565841674805,36.713130950927734,97.17202758789062,76.61530303955078,66.92330169677734,40.67041015625,32.00408172607422,126.98645782470703,88.38070678710938
2022-03-28,171.74366760253906,430.3070983886719,363.9466552734375,40.78727340698242,66.33738708496094,33.134361267089844,36.61093521118164,97.20011901855469,77.525634765625,67.19976043701172,41.18817138671875,32.210758209228516,127.90904998779297,90.73770904541016
2022-03-29,175.02987670898438,435.6302795410156,366.5233459472656,41.131412506103516,67.49400329589844,33.048072814941406,36.694557189941406,98.09950256347656,79.17204284667969,67.79730224609375,42.396297454833984,32.50978088378906,128.66383361816406,92.31871032714844
2022-03-30,173.86602783203125,432.9403381347656,364.663330078125,40.9937629699707,67.01603698730469,33.43204879760742,36.434444427490234,97.98710632324219,78.11640930175781,67.84188079833984,42.163299560546875,32.778018951416016,128.91546630859375,90.91606140136719
2022-03-31,170.77542114257812,426.2768249511719,359.20001220703125,40.44772720336914,65.74476623535156,32.979042053222656,35.598365783691406,96.47875213623047,76.95909881591797,67.68135833740234,41.69731521606445,32.74283981323242,127.65740966796875,89.17118072509766
2022-04-01,170.48202514648438,427.4849853515625,361.5299987792969,40.87446212768555,66.23224639892578,33.24653244018555,35.505462646484375,95.729248046875,76.73152160644531,68.35916137695312,42.52573776245117,33.20016098022461,128.66383361816406,89.28207397460938
2022-04-04,174.5213165283203,431.1470642089844,381.8166809082031,40.883636474609375,68.05795288085938,33.289669036865234,35.347537994384766,95.60745239257812,78.18904876708984,68.14512634277344,42.396297454833984,32.94511795043945,127.59215545654297,91.28720092773438
2022-04-05,171.21554565429688,425.7012023925781,363.7533264160156,40.55784606933594,67.18811798095703,32.76763153076172,35.12458419799805,94.24899291992188,76.54265594482422,68.20752716064453,42.430809020996094,33.151790618896484,127.86244201660156,89.14708709716797
2022-04-06,168.0564727783203,421.4443359375,348.586669921875,40.08981704711914,65.93592834472656,32.96178436279297,34.883052825927734,93.51821899414062,74.73163604736328,69.0726089477539,43.060752868652344,33.81139373779297,129.8100128173828,86.87202453613281
2022-04-07,168.35968017578125,423.5680236816406,352.4200134277344,40.35136795043945,65.36239624023438,33.39322280883789,34.84589385986328,93.83677673339844,74.84783935546875,69.91094970703125,42.70695114135742,33.72784423828125,132.30746459960938,87.31548309326172
2022-04-08,166.3546600341797,422.4354553222656,341.8299865722656,40.59914779663086,65.07563781738281,34.312171936035156,35.198890686035156,93.31211853027344,73.80189514160156,70.20526123046875,42.862281799316406,33.8421745300293,133.0995635986328,86.5105209350586
2022-04-11,162.10997009277344,415.2150573730469,325.30999755859375,40.39725112915039,64.23448181152344,33.28104782104492,35.040977478027344,93.0123062133789,71.94245147705078,69.91986083984375,42.275482177734375,33.380462646484375,130.45301818847656,84.90543365478516
2022-04-12,163.97801208496094,413.6766357421875,328.98333740234375,40.40642547607422,63.7087516784668,33.833282470703125,34.66009521484375,92.86241149902344,71.62286376953125,69.93769836425781,42.14604568481445,33.50797653198242,129.18568420410156,85.09342193603516
2022-04-13,166.65789794921875,418.4146423339844,340.7900085449219,41.00293731689453,64.64550018310547,34.33805465698242,34.66009521484375,93.73371887207031,72.77531433105469,70.33010864257812,42.318634033203125,33.442020416259766,129.81935119628906,87.20944213867188
2022-04-14,161.6600799560547,413.2046203613281,328.3333435058594,40.86528015136719,63.5462532043457,34.450233459472656,34.26992416381836,93.63066101074219,71.00785827636719,70.31226348876953,42.077003479003906,33.45960998535156,129.19497680664062,85.9899673461914
2022-04-18,161.4449005126953,413.3745422363281,334.7633361816406,40.90199279785156,63.33595275878906,34.955020904541016,34.474300384521484,93.30274963378906,71.24031829833984,69.73258209228516,41.973445892333984,33.27931594848633,127.76924133300781,86.250244140625
2022-04-19,163.7237548828125,420.0475158691406,342.7166748046875,41.28742599487305,64.59769439697266,34.6702766418457,34.94807434082031,94.99848937988281,72.57678985595703,70.79385375976562,42.85365676879883,33.494789123535156,128.989990234375,88.75184631347656
2022-04-20,163.55747985839844,419.7359924316406,325.73333740234375,41.54896926879883,61.797000885009766,34.80400848388672,35.18960952758789,95.51375579833984,72.5090103149414,71.85514068603516,43.66482162475586,33.76742172241211,130.72328186035156,87.60950469970703
2022-04-21,162.76527404785156,413.45947265625,336.260009765625,40.869869232177734,60.03819274902344,33.69953918457031,34.632225036621094,94.53941345214844,71.27906799316406,71.792724609375,43.38005065917969,33.20895767211914,129.27886962890625,86.76116943359375
2022-04-22,158.2369842529297,402.1145324707031,335.01666259765625,39.34189987182617,58.613948822021484,32.87549591064453,33.60105895996094,92.21597290039062,69.28399658203125,70.66899871826172,42.603397369384766,32.65049743652344,124.56356811523438,84.74637603759766
2022-04-25,159.30300903320312,404.4458312988281,332.67333984375,39.231773376464844,59.41688537597656,31.78827476501465,33.656803131103516,92.21597290039062,70.3250961303711,70.98112487792969,42.4049186706543,32.42621994018555,125.40229034423828,85.35853576660156
2022-04-26,153.3565216064453,392.7326965332031,292.1400146484375,38.62609100341797,57.46691131591797,31.831417083740234,32.81143569946289,90.20171356201172,67.7054214477539,69.88420104980469,41.74045944213867,32.1008186340332,123.19373321533203,81.03975677490234
2022-04-27,153.131591796875,393.83697509765625,293.836669921875,39.195064544677734,56.186038970947266,32.29737091064453,32.7835578918457,90.53899383544922,68.7077865600586,70.142822265625,41.490203857421875,31.94691276550293,122.9234848022461,81.04937744140625
2022-04-28,160.04632568359375,403.7851257324219,292.5033264160156,39.814510345458984,58.43234634399414,33.2767333984375,33.20160675048828,91.5601806640625,71.45820617675781,71.1773452758789,42.249595642089844,32.303104400634766,124.61949157714844,82.7123031616211
2022-04-29,154.18788146972656,388.863037109375,290.2533264160156,39.016109466552734,56.453678131103516,32.4224853515625,32.05896759033203,89.13369750976562,68.48018646240234,69.2420883178711,40.213050842285156,31.33568000793457,121.41384887695312,78.50921630859375
2022-05-02,154.4910430908203,391.2037353515625,300.9800109863281,38.89680099487305,58.011756896972656,32.940208435058594,32.06825256347656,89.32106018066406,69.52128601074219,68.33238983154297,39.16889190673828,31.014677047729492,120.65902709960938,79.65638732910156
2022-05-03,155.97767639160156,392.9969787597656,303.0833435058594,39.33271789550781,58.164695739746094,33.86348342895508,32.486297607421875,89.91130065917969,69.64234161376953,68.13619995117188,39.643516540527344,31.13340187072754,121.04109954833984,79.4587631225586
2022-05-04,162.37400817871094,404.9648742675781,317.5400085449219,40.60831832885742,60.16246032714844,35.26996612548828,33.48030090332031,92.51579284667969,72.08771514892578,69.670166015625,40.109500885009766,31.828184127807617,123.72491455078125,81.79166412353516
2022-05-05,153.3272247314453,390.5712890625,291.09332275390625,39.35107421875,57.94483947753906,34.73929977416992,32.50487518310547,90.09864044189453,68.62061309814453,68.35023498535156,39.08259963989258,31.50278091430664,121.32064819335938,77.20780181884766
2022-05-06,154.05198669433594,388.239990234375,288.54998779296875,38.786678314208984,56.7500114440918,35.77474594116211,32.27262496948242,89.48969268798828,68.0685806274414,68.42157745361328,38.685646057128906,31.75343132019043,120.9385757446289,76.22933197021484
2022-05-09,148.93917846679688,375.80963134765625,262.3699951171875,37.56155776977539,55.27797317504883,32.815086364746094,31.50157356262207,87.32553100585938,65.43435668945312,68.39482879638672,36.88209915161133,31.515962600708008,117.8074951171875,72.9805908203125
2022-05-10,151.33885192871094,376.6780090332031,266.67999267578125,37.32753372192383,55.5265007019043,33.11278533935547,31.22288703918457,86.7540512084961,66.431884765625,67.92216491699219,36.06231689453125,31.13340187072754,118.2268295288086,72.7636947631836
2022-05-11,143.4932861328125,370.6939697265625,244.6666717529297,37.34589385986328,54.52283477783203,33.557167053222656,30.934894561767578,85.96707153320312,64.33515167236328,67.62783813476562,36.01053237915039,31.357666015625,117.44406127929688,70.15604400634766
2022-05-12,139.63414001464844,370.30712890625,242.6666717529297,37.27706527709961,55.115474700927734,33.69953918457031,30.702651977539062,86.1263198852539,63.67176818847656,67.61000061035156,36.278038024902344,31.041046142578125,118.5809555053711,70.6380615234375
2022-05-13,144.0907440185547,379.1603088378906,256.5299987792969,37.850624084472656,56.405887603759766,34.85148239135742,31.148569107055664,87.22246551513672,65.78784942626953,68.62669372558594,37.18413162231445,31.410430908203125,119.83897399902344,73.41923522949219
2022-05-16,142.5529327392578,377.62176513671875,241.4566650390625,37.78179931640625,56.042667388916016,35.770442962646484,30.88845443725586,87.10066986083984,65.20677185058594,68.93885803222656,36.88209915161133,31.50718116760254,120.72428131103516,71.83341979980469
2022-05-17,146.17701721191406,385.38970947265625,253.8699951171875,38.850929260253906,57.266178131103516,36.18461608886719,31.71523666381836,89.07746887207031,67.09528350830078,68.46615600585938,37.279048919677734,31.832584381103516,122.38301086425781,73.64576721191406
2022-05-18,137.92984008789062,369.8539733886719,236.60333251953125,37.64414596557617,55.39267349243164,35.25702667236328,30.842004776000977,85.7609634399414,64.02522277832031,64.06050872802734,36.19174575805664,31.52476692199707,119.22394561767578,68.83052825927734
2022-05-19,134.5310516357422,367.5887451171875,236.47332763671875,37.9102783203125,55.31620407104492,35.12759017944336,30.63762664794922,84.99272918701172,63.32310485839844,62.918968200683594,36.122711181640625,31.45880126953125,119.48487854003906,68.87873840332031
2022-05-20,134.76612854003906,367.7492370605469,221.3000030517578,37.818504333496094,55.4595832824707,35.278594970703125,30.581886291503906,84.07459259033203,63.463539123535156,63.0527458190918,36.54555892944336,31.546756744384766,120.9385757446289,67.67852783203125
2022-05-23,140.17283630371094,374.6297912597656,224.96665954589844,38.511375427246094,56.29118347167969,36.21049880981445,31.575889587402344,85.45179748535156,64.92108154296875,64.35481262207031,37.020179748535156,31.9249267578125,122.00092315673828,68.18463897705078
2022-05-24,137.47927856445312,371.7700500488281,209.3866729736328,38.29112243652344,54.293418884277344,36.34856033325195,31.510866165161133,85.40496063232422,63.95744323730469,65.40717315673828,37.4516487121582,32.56254959106445,122.36437225341797,66.43012237548828
2022-05-25,137.63600158691406,375.0545654296875,219.60000610351562,38.46091079711914,55.0198860168457,37.099266052246094,31.761690139770508,85.9014892578125,64.70316314697266,65.42501831054688,37.65875244140625,32.54056167602539,122.32709503173828,68.3051528930664
2022-05-26,140.82911682128906,382.5486755371094,235.91000366210938,39.16753387451172,56.35810470581055,37.509117126464844,32.495582580566406,87.6440658569336,66.257568359375,66.12065124511719,37.615604400634766,32.63290023803711,122.84894561767578,71.65508270263672
2022-05-27,146.56881713867188,391.93988037109375,253.2100067138672,40.085235595703125,57.5625,38.19511032104492,33.04367446899414,89.4428482055664,68.49955749511719,66.88761901855469,38.677024841308594,33.14300537109375,124.8897476196289,74.1133041381836
2022-05-31,145.7852020263672,389.7407531738281,252.75332641601562,39.47496032714844,57.52425765991211,37.62129592895508,32.95079040527344,88.72146606445312,68.01046752929688,66.41494750976562,38.15925979614258,32.685672760009766,123.2216796875,74.4892807006836
2022-06-01,145.65792846679688,386.5882873535156,246.7899932861328,39.080352783203125,56.86471176147461,38.23393630981445,32.42125701904297,88.17808532714844,67.80709838867188,65.54986572265625,37.74504470825195,32.63290023803711,121.45113372802734,73.7132568359375
2022-06-02,148.10658264160156,393.95025634765625,258.3333435058594,40.15864562988281,58.2507209777832,38.11314010620117,32.8671760559082,89.86443328857422,69.44864654541016,66.50413513183594,38.3145866394043,32.85276794433594,122.41096496582031,75.96905517578125
2022-06-03,142.396240234375,387.4849853515625,234.51666259765625,39.76862716674805,56.98897171020508,38.617923736572266,32.39338684082031,89.5177993774414,67.78772735595703,65.83525848388672,37.83133316040039,32.694461822509766,120.97586822509766,73.74700164794922
2022-06-06,143.14065551757812,388.664794921875,238.27999877929688,40.14488220214844,57.27573013305664,38.57477951049805,32.486297607421875,89.89254760742188,67.7925796508789,65.86201477050781,37.719154357910156,32.839576721191406,120.99451446533203,74.48446655273438
2022-06-07,145.65792846679688,392.3929138183594,238.8866729736328,40.4339599609375,57.6867561340332,39.726722717285156,32.73712158203125,91.10111999511719,68.60124206542969,66.2098159790039,38.15925979614258,33.0374641418457,122.56936645507812,74.3012924194336
2022-06-08,144.92327880859375,388.1268310546875,241.86666870117188,39.59426498413086,57.533817291259766,39.81300354003906,32.1611442565918,89.45223236083984,67.82646942138672,65.39825439453125,37.24453353881836,32.39105224609375,121.60023498535156,73.86266326904297
2022-06-09,139.71246337890625,378.8960266113281,239.7066650390625,38.658199310302734,55.76546096801758,38.932865142822266,31.352935791015625,87.69091033935547,66.01544189453125,64.417236328125,36.39022445678711,31.612714767456055,118.8511962890625,72.52751922607422
2022-06-10,134.31553649902344,367.90966796875,232.22999572753906,37.474369049072266,54.2073860168457,38.27278137207031,30.219589233398438,85.10514068603516,63.47806930541992,64.1407699584961,35.527278900146484,31.370849609375,116.94084930419922,69.6354751586914
2022-06-13,129.1732940673828,353.9408264160156,215.73666381835938,36.01063919067383,51.645660400390625,36.27522277832031,29.3184814453125,82.54750061035156,60.664669036865234,62.75843811035156,33.818660736083984,29.928518295288086,113.39974212646484,66.42049407958984
2022-06-14,130.03524780273438,352.8742370605469,220.88999938964844,35.735328674316406,51.50227737426758,36.34424591064453,29.067663192749023,82.34138488769531,61.04721450805664,62.01821517944336,33.5770378112793,29.172168731689453,112.31877899169922,66.36746215820312
2022-06-15,132.6504364013672,357.9049377441406,233.0,35.72615051269531,52.65887451171875,35.541778564453125,29.39280128479004,83.13772583007812,62.335269927978516,62.08062744140625,34.345054626464844,29.361249923706055,113.45564270019531,68.23284149169922
2022-06-16,127.39065551757812,346.0596923828125,213.10000610351562,34.4367790222168,50.73758316040039,33.53990936279297,28.64961814880371,80.36459350585938,59.797889709472656,61.60795974731445,33.52526092529297,28.79400062561035,111.78759002685547,64.89250946044922
2022-06-17,128.85987854003906,346.8056945800781,216.75999450683594,34.37712478637695,51.46405029296875,31.706296920776367,28.733226776123047,80.15848541259766,60.34507751464844,61.385013580322266,33.72374725341797,28.5257568359375,111.72235870361328,65.6010971069336
2022-06-21,133.0814208984375,355.5361022949219,237.0366668701172,34.89690399169922,51.82815933227539,33.348880767822266,29.30666160583496,81.62077331542969,61.88069152832031,63.02301788330078,34.35179901123047,29.06875228881836,114.73004150390625,67.4775161743164
2022-06-22,132.5720672607422,354.8915100097656,236.086669921875,34.44874572753906,51.91440200805664,32.01387023925781,29.24128532409668,81.16910552978516,61.61851501464844,62.978084564208984,34.90851974487305,29.37459373474121,116.32093048095703,67.3470687866211
2022-06-23,135.43215942382812,358.370361328125,235.07000732421875,33.977474212646484,52.55637741088867,30.82721519470215,29.129213333129883,80.75505828857422,62.54096221923828,64.20008850097656,35.59572982788086,30.066078186035156,118.93182373046875,68.40509796142578
2022-06-24,138.7525634765625,369.76434326171875,245.7066650390625,35.32659912109375,54.558982849121094,31.232940673828125,30.203231811523438,83.57801818847656,64.78878784179688,65.45803833007812,36.36993408203125,30.589115142822266,120.9063949584961,71.01397705078125
2022-06-27,138.7525634765625,368.3519287109375,244.9199981689453,35.035518646240234,54.04155731201172,32.14912414550781,30.100502014160156,83.38041687011719,64.35183715820312,65.2783203125,36.239444732666016,30.83734130859375,121.3555679321289,70.26998138427734
2022-06-28,134.61923217773438,360.825439453125,232.663330078125,34.66127014160156,52.470130920410156,33.017303466796875,29.80164337158203,82.41120147705078,62.424434661865234,64.4067611694336,35.74360656738281,30.722089767456055,119.24064636230469,67.46302795410156
2022-06-29,136.37245178222656,360.5316162109375,228.49000549316406,34.411773681640625,52.63302993774414,31.869905471801758,29.633535385131836,81.93128967285156,62.55066680908203,64.81110382080078,35.51744079589844,30.744253158569336,120.2794189453125,67.40987396240234
2022-06-30,133.9139404296875,357.6025390625,224.47332763671875,34.00518798828125,52.00062942504883,31.19803810119629,29.37203598022461,82.18535614013672,61.715614318847656,64.85604858398438,35.54353713989258,31.0855655670166,120.00802612304688,66.41948699951172
2022-07-01,136.07862854003906,361.3846740722656,227.26333618164062,34.24544906616211,52.52763366699219,31.664854049682617,29.773622512817383,82.90049743652344,61.85641098022461,65.7905044555664,36.17854690551758,31.847959518432617,121.3555679321289,67.64177703857422
2022-07-05,138.65463256835938,362.0672912597656,233.06666564941406,33.5570182800293,53.74452590942383,30.40837860107422,29.67089080810547,81.65840911865234,62.63320541381836,65.36820983886719,36.030677795410156,30.761981964111328,120.6537094116211,69.1539535522461
2022-07-06,139.9867401123047,363.29010009765625,231.73333740234375,33.76956558227539,53.75410842895508,29.88921356201172,29.596181869506836,82.12889099121094,63.172096252441406,65.556884765625,36.00457763671875,31.081127166748047,121.46788024902344,68.92689514160156
2022-07-07,143.3463592529297,368.7311096191406,244.5433349609375,34.06987762451172,54.59730911254883,30.966814041137695,30.025785446166992,83.09810638427734,64.47805786132812,65.61978149414062,36.030677795410156,31.050106048583984,121.98255920410156,70.70477294921875
2022-07-08,144.02218627929688,368.4278259277344,250.76333618164062,33.73722839355469,54.33859634399414,30.95372200012207,29.960407257080078,82.72171783447266,64.5071792602539,65.50298309326172,35.86539840698242,30.948152542114258,122.34751892089844,70.71443176269531
2022-07-11,141.89671325683594,364.218994140625,234.3433380126953,33.644813537597656,52.690521240234375,30.657052993774414,29.717588424682617,82.16654205322266,63.618736267089844,65.41312408447266,35.86539840698242,31.143184661865234,122.0387191772461,68.77711486816406
2022-07-12,142.8664093017578,360.9961242675781,233.07000732421875,33.58013153076172,52.66176986694336,30.05936622619629,29.530803680419922,81.9124755859375,62.749717712402344,65.22442626953125,35.639225006103516,30.992481231689453,120.48528289794922,68.36162567138672
2022-07-13,142.5039825439453,359.1002502441406,237.0399932861328,33.38608932495117,52.42223358154297,30.01137351989746,29.269298553466797,80.9150390625,62.584651947021484,65.26935577392578,35.447845458984375,30.863933563232422,119.31552124023438,68.92204284667969
2022-07-14,145.42283630371094,358.22821044921875,238.31333923339844,32.771575927734375,51.761085510253906,29.444211959838867,28.708946228027344,80.45394897460938,63.157527923583984,65.32325744628906,35.09989929199219,30.863933563232422,118.9692611694336,68.86407470703125
2022-07-15,147.0879364013672,365.0721435546875,240.06666564941406,33.284427642822266,53.092960357666016,29.92411231994629,29.68022918701172,81.71487426757812,64.26929473876953,65.53890991210938,35.66532516479492,30.921558380126953,121.84219360351562,69.97525024414062
2022-07-18,144.05154418945312,362.05780029296875,240.54666137695312,33.36298370361328,52.824668884277344,30.609060287475586,29.56816291809082,81.22554779052734,63.64787292480469,64.90094757080078,35.3173713684082,30.49159812927246,119.26872253417969,70.17816162109375
2022-07-19,147.90089416503906,371.8403015136719,245.52999877929688,34.37944030761719,54.70270919799805,31.551424026489258,30.455394744873047,84.1238021850586,65.58985137939453,65.5838394165039,36.2916374206543,30.686635971069336,121.29940795898438,72.32805633544922
2022-07-20,149.89903259277344,374.21002197265625,247.5,34.43950653076172,55.603397369384766,31.856813430786133,30.567462921142578,84.7730484008789,66.61424255371094,65.14356231689453,36.10896301269531,30.278827667236328,120.10159301757812,73.51654815673828
2022-07-21,152.16163635253906,378.0208435058594,271.7066650390625,34.92924880981445,55.574649810791016,31.29838752746582,30.763587951660156,85.38468933105469,67.55123138427734,65.34123229980469,36.48301315307617,30.358619689941406,122.00127410888672,75.19779205322266
2022-07-22,150.927490234375,374.5134582519531,272.24334716796875,34.67975616455078,53.64870834350586,31.04097557067871,30.586143493652344,85.1117935180664,66.61907196044922,65.77254486083984,36.76138687133789,30.775285720825195,121.49596405029297,74.76298522949219
2022-07-25,149.8108673095703,374.968505859375,268.4333190917969,34.82298278808594,53.46665573120117,32.17965316772461,30.782264709472656,85.51644134521484,66.19669342041016,66.09599304199219,36.7874755859375,31.160921096801758,122.1323013305664,74.12042236328125
2022-07-26,148.48861694335938,370.5322265625,258.8599853515625,34.58734893798828,52.39348220825195,31.88735580444336,30.352659225463867,85.05535125732422,65.12377166748047,65.94324493408203,36.85707092285156,31.347082138061523,122.75928497314453,71.73382568359375
2022-07-27,153.5720672607422,380.15362548828125,274.82000732421875,35.003177642822266,54.60688781738281,32.607208251953125,30.81962013244629,86.37272644042969,67.925048828125,66.39252471923828,37.0571403503418,31.373680114746094,123.52664184570312,74.44895935058594
2022-07-28,154.12059020996094,384.9216003417969,280.8999938964844,35.62229919433594,53.984073638916016,32.79045104980469,31.043764114379883,88.17941284179688,68.95913696289062,67.4527816772461,38.42285919189453,32.49955368041992,124.31271362304688,75.7292251586914
2022-07-29,159.17465209960938,390.5332336425781,297.1499938964844,36.09817123413086,54.0128173828125,34.21269989013672,31.482715606689453,89.9955062866211,70.01750946044922,66.931640625,38.57073974609375,32.7787971496582,123.90096282958984,78.66661071777344
2022-08-01,158.1951904296875,389.3768005371094,297.27667236328125,35.80709457397461,53.9361572265625,33.50593566894531,31.221214294433594,90.089599609375,69.86702728271484,67.76727294921875,38.22279739379883,32.81427001953125,122.9838638305664,79.05793762207031
2022-08-02,156.72598266601562,386.80792236328125,300.586669921875,35.442100524902344,53.84992980957031,33.427406311035156,30.875656127929688,89.13922119140625,69.37181091308594,67.2281494140625,37.718257904052734,32.74776840209961,122.5440444946289,78.51683044433594
2022-08-03,162.72036743164062,392.8652038574219,307.39666748046875,35.479061126708984,55.14347457885742,32.46759796142578,31.34262466430664,89.97669219970703,71.21666717529297,67.66844177246094,37.87483596801758,32.9516716003418,123.66700744628906,80.43000030517578
2022-08-04,162.4069366455078,392.5997009277344,308.6333312988281,35.502159118652344,55.383018493652344,31.26348304748535,31.239887237548828,90.30604553222656,71.54195404052734,67.21916198730469,37.909629821777344,33.0225944519043,123.0587387084961,80.75851440429688
2022-08-05,162.1813201904297,391.9361572265625,288.1700134277344,35.626914978027344,54.70270919799805,31.882999420166016,31.464040756225586,90.44718933105469,71.37689208984375,67.06641387939453,38.03141403198242,32.90291976928711,123.01195526123047,79.3816146850586
2022-08-08,161.71054077148438,391.48114013671875,290.42333984375,35.825584411621094,55.01891326904297,32.048770904541016,31.44535255432129,90.41893768310547,70.77002716064453,67.03047943115234,38.30977249145508,32.9516716003418,123.30204772949219,79.73912811279297
2022-08-09,161.7595672607422,389.9265441894531,283.3333435058594,35.6500129699707,54.48233413696289,32.611572265625,31.604124069213867,90.089599609375,70.06121063232422,66.931640625,38.614234924316406,33.319576263427734,122.92774200439453,78.46851348876953
2022-08-10,165.99684143066406,398.1166076660156,294.3566589355469,36.66184997558594,56.015419006347656,32.84716033935547,32.31391143798828,92.06566619873047,71.97406005859375,67.42583465576172,39.13616943359375,33.46584701538086,124.26590728759766,80.68120574951172
2022-08-11,165.2611846923828,398.1166076660156,286.6300048828125,36.78659439086914,56.072914123535156,33.97710418701172,32.69681930541992,92.55496978759766,71.69246673583984,67.26409149169922,38.953495025634766,33.461421966552734,123.46113586425781,80.27056884765625
2022-08-12,168.80198669433594,404.8563232421875,300.0299987792969,37.479652404785156,57.06942367553711,34.23451614379883,33.21047592163086,93.94763946533203,73.11981201171875,67.84812927246094,39.61460876464844,34.00661849975586,125.04267120361328,82.08711242675781
2022-08-15,169.87109375,406.524658203125,309.32000732421875,37.4565315246582,57.270633697509766,33.567012786865234,33.201133728027344,94.17347717285156,73.5810317993164,68.52204132080078,39.7885856628418,34.290306091308594,125.66968536376953,82.65235900878906
2022-08-16,169.7141876220703,407.3209533691406,306.5633239746094,37.66444396972656,57.385623931884766,33.48848342895508,33.443965911865234,94.59690856933594,73.38196563720703,69.2947769165039,39.63200378417969,34.3878173828125,125.33274841308594,83.56546020507812
2022-08-17,171.20506286621094,404.42974853515625,303.9966735839844,37.1469841003418,56.274131774902344,33.7677001953125,33.27585220336914,93.84413146972656,72.85763549804688,69.09710693359375,39.5189208984375,34.330196380615234,124.60281372070312,82.66686248779297
2022-08-18,170.81271362304688,405.605224609375,302.8699951171875,37.26249313354492,56.18789291381836,34.6751594543457,33.313209533691406,94.22052001953125,73.23632049560547,69.33071899414062,39.24925231933594,34.458740234375,124.05071258544922,82.6427001953125
2022-08-19,168.23312377929688,400.1546325683594,296.6666564941406,36.57868957519531,55.277618408203125,34.66643142700195,32.65011978149414,93.00663757324219,71.90606689453125,69.1060791015625,38.86650085449219,34.44101333618164,124.38758850097656,80.9372787475586
2022-08-22,164.35877990722656,391.82244873046875,289.913330078125,35.99652862548828,53.696617126464844,34.600982666015625,31.931001663208008,91.23760986328125,69.9009780883789,68.40522003173828,38.05751037597656,33.971160888671875,122.75928497314453,78.69075775146484
2022-08-23,164.02529907226562,390.87457275390625,296.4533386230469,36.352294921875,53.23668670654297,35.84872817993164,31.800241470336914,91.40699005126953,69.71651458740234,68.10871124267578,37.48338317871094,33.76726150512695,121.0467758178711,78.91300964355469
2022-08-24,164.31956481933594,392.125732421875,297.0966796875,36.430843353271484,53.55289840698242,36.28937530517578,31.968341827392578,91.70809936523438,69.76021575927734,68.2794418334961,37.779136657714844,33.8736572265625,121.19647979736328,79.25117492675781
2022-08-25,166.77163696289062,397.66168212890625,296.07000732421875,37.257869720458984,54.59730911254883,36.5685920715332,32.46332931518555,93.11016082763672,70.93994903564453,68.59391021728516,38.36196517944336,34.081974029541016,122.5346908569336,80.19810485839844
2022-08-26,160.4844970703125,384.201171875,288.0899963378906,36.116661071777344,52.85340881347656,36.14103698730469,31.49205207824707,89.88258361816406,67.91048431396484,66.89568328857422,37.3876953125,33.55893325805664,119.1189956665039,77.14476776123047
2022-08-29,158.2874298095703,381.6607360839844,284.82000732421875,35.862545013427734,52.44139862060547,36.686378479003906,31.267915725708008,89.47797393798828,67.0123291015625,66.78787994384766,37.06583786010742,33.660884857177734,118.28614044189453,76.73411560058594
2022-08-30,155.86476135253906,377.4709167480469,277.70001220703125,35.2757682800293,51.9814567565918,35.442996978759766,31.099803924560547,88.18883514404297,66.31321716308594,66.09599304199219,36.53520965576172,33.16886901855469,117.50005340576172,75.8790054321289
2022-08-31,154.20712280273438,374.5987548828125,275.6099853515625,34.84146499633789,52.10602569580078,35.120155334472656,30.86631965637207,87.44544219970703,65.66751861572266,65.69165802001953,36.404720306396484,32.9516716003418,116.75139617919922,75.13016510009766
2022-09-01,154.93295288085938,375.774169921875,277.1600036621094,34.38405227661133,52.58512878417969,34.25632858276367,30.959712982177734,87.5677719116211,65.34707641601562,66.06006622314453,36.53520965576172,33.42595672607422,118.66980743408203,75.8161849975586
2022-09-02,152.8241729736328,371.8119201660156,270.2099914550781,34.35171890258789,51.58861541748047,34.88456726074219,30.716896057128906,86.72088623046875,64.49748229980469,65.19747161865234,35.90888977050781,33.06691360473633,116.96663665771484,75.12049865722656
2022-09-06,151.5686798095703,370.40899658203125,274.4200134277344,34.24544906616211,50.946624755859375,34.561729431152344,30.64217758178711,86.86203002929688,64.07024383544922,64.8290786743164,36.28293228149414,33.15114212036133,117.07891082763672,74.96592712402344
2022-09-07,152.9713134765625,377.0633239746094,283.70001220703125,35.192604064941406,51.97188949584961,34.16034698486328,31.24922752380371,88.25467681884766,65.09463500976562,65.99716186523438,36.978851318359375,34.1883659362793,118.98798370361328,77.26554870605469
2022-09-08,151.50001525878906,379.5279541015625,289.260009765625,35.53450393676758,51.847320556640625,34.308685302734375,31.800241470336914,88.51817321777344,65.31796264648438,65.8264389038086,37.0832405090332,34.161766052246094,121.05611419677734,77.98540496826172
2022-09-09,154.3542938232422,385.4239501953125,299.67999267578125,36.070457458496094,53.2941780090332,35.16378402709961,32.08976745605469,89.66617584228516,66.60936737060547,66.473388671875,37.439884185791016,34.299171447753906,122.12294006347656,79.4637680053711
2022-09-12,160.29811096191406,389.5664367675781,304.4200134277344,36.40773010253906,53.57205581665039,35.80946731567383,32.351261138916016,90.20254516601562,67.67743682861328,66.73397064208984,37.75304412841797,34.62718963623047,122.93709564208984,80.48799896240234
2022-09-13,150.89190673828125,372.6271057128906,292.1300048828125,35.10944366455078,50.630428314208984,34.90637969970703,31.14649772644043,86.80558776855469,64.08480834960938,64.50559997558594,36.3177375793457,33.70520782470703,118.87567138671875,76.33795928955078
2022-09-14,152.3337860107422,374.0489501953125,302.6099853515625,34.67975616455078,50.71665954589844,35.892356872558594,31.0531063079834,86.6362075805664,64.31784057617188,64.47865295410156,35.874088287353516,33.98002624511719,118.94119262695312,77.3187026977539
2022-09-15,149.4500732421875,369.8023681640625,303.75,34.22234344482422,50.496280670166016,34.96745300292969,31.155839920043945,85.73286437988281,62.837093353271484,63.93952941894531,35.09119415283203,33.1334114074707,119.60559844970703,76.92255401611328
2022-09-16,147.8120880126953,366.9811096191406,303.3500061035156,33.68177795410156,49.95969009399414,34.221435546875,30.875656127929688,83.94500732421875,62.487548828125,64.09227752685547,35.09989929199219,33.00929260253906,119.26872253417969,76.30414581298828
2022-09-19,151.5196533203125,369.8269958496094,309.07000732421875,34.239341735839844,50.24776840209961,34.24171447753906,31.225845336914062,85.08430480957031,62.99711608886719,64.51824951171875,35.033180236816406,33.45153045654297,118.62609100341797,77.38375854492188
2022-09-20,153.89328002929688,365.5819091796875,308.7300109863281,33.58885192871094,49.469993591308594,34.00354766845703,30.76581382751465,84.02537536621094,62.62722396850586,64.16552734375,34.111488342285156,32.96511459350586,117.23554992675781,76.07176208496094
2022-09-21,150.77420043945312,359.2048034667969,300.79998779296875,32.854713439941406,48.260128021240234,33.50519561767578,30.12740135192871,82.90968322753906,61.648983001708984,63.92134094238281,33.61113739013672,32.5143928527832,115.29071807861328,74.27079772949219
2022-09-22,149.8130340576172,356.1875305175781,288.5899963378906,32.45977020263672,48.0872917175293,33.3861083984375,29.62042999267578,81.66165161132812,61.02115249633789,63.83091735839844,33.29512405395508,32.39835739135742,115.90142059326172,72.55696105957031
2022-09-23,147.5472412109375,350.21966552734375,275.3299865722656,31.795330047607422,47.155887603759766,31.08392906188965,29.15100860595703,80.12995910644531,60.22297668457031,62.74565124511719,32.88256072998047,32.02350616455078,115.30951690673828,70.88668823242188
2022-09-26,147.8807830810547,346.7550048828125,276.010009765625,31.27958106994629,46.387718200683594,30.320945739746094,28.690980911254883,79.2884750366211,59.80442810058594,62.7908821105957,31.995975494384766,31.25147819519043,114.21025085449219,70.72693634033203
2022-09-27,148.85174560546875,345.8699035644531,282.94000244140625,31.349279403686523,46.138065338134766,30.660541534423828,28.568927764892578,79.02373504638672,59.88230514526367,61.70563507080078,31.574630737304688,30.72489356994629,113.86263275146484,70.94963073730469
2022-09-28,146.9685516357422,352.67535400390625,287.80999755859375,32.157752990722656,47.71280288696289,32.01891326904297,29.132232666015625,80.763427734375,60.51499938964844,62.447235107421875,32.17154312133789,31.055130004882812,116.35238647460938,72.86680603027344
2022-09-29,139.74957275390625,345.3083190917969,268.2099914550781,31.683822631835938,46.55095291137695,32.01891326904297,28.766084671020508,79.3641357421875,58.9381217956543,61.41622543334961,31.276180267333984,29.8100643157959,115.37528228759766,70.34931945800781
2022-09-30,135.5515899658203,339.9685974121094,265.25,31.600191116333008,45.984439849853516,31.763107299804688,28.50321388244629,78.32408142089844,57.80899429321289,60.34906005859375,31.6097412109375,29.234394073486328,113.78746795654297,68.96468353271484
2022-10-03,139.72018432617188,348.9442443847656,242.39999389648438,32.62704086303711,47.27111053466797,33.55811309814453,29.27305793762207,80.68778991699219,59.60001754760742,61.38908004760742,32.197872161865234,30.091211318969727,116.12689208984375,69.032470703125
2022-10-04,143.30026245117188,359.7568054199219,249.44000244140625,33.825809478759766,48.721031188964844,35.000282287597656,30.36211585998535,83.4958724975586,61.60031509399414,62.32060241699219,32.70700454711914,30.729358673095703,118.8233642578125,71.44346618652344
2022-10-05,143.59449768066406,358.919189453125,240.80999755859375,33.44480514526367,48.3465461730957,35.72358322143555,30.12740135192871,83.04206085205078,61.80472946166992,61.95884704589844,32.101314544677734,30.046585083007812,119.21798706054688,71.02224731445312
2022-10-06,142.64303588867188,355.21673583984375,238.1300048828125,33.0916862487793,48.0872917175293,36.35866928100586,29.70492172241211,82.08712005615234,61.29856491088867,61.05447006225586,31.04794692993164,29.055892944335938,117.69593811035156,70.51876068115234
2022-10-07,137.40542602539062,345.3083190917969,223.07000732421875,32.2739143371582,46.7910041809082,36.076412200927734,29.00079345703125,80.51761627197266,58.77751541137695,60.14105987548828,30.310592651367188,28.453439712524414,115.20616912841797,68.0932388305664
2022-10-10,137.7290802001953,342.6717834472656,222.9600067138672,32.34361267089844,46.66617965698242,35.33548355102539,28.869356155395508,80.80125427246094,57.7895393371582,60.35810470581055,29.968252182006836,28.502527236938477,114.48271942138672,67.67206573486328
2022-10-11,136.31668090820312,340.50164794921875,216.5,32.09269714355469,45.792388916015625,35.053218841552734,28.50321388244629,80.78234100341797,56.90375900268555,60.855506896972656,30.2491455078125,28.399890899658203,115.09342956542969,67.12015533447266
2022-10-12,135.68893432617188,339.3785400390625,217.24000549316406,31.851089477539062,45.73477554321289,35.33548355102539,28.437490463256836,80.14885711669922,56.72854232788086,61.181095123291016,29.845354080200195,27.453821182250977,114.52970886230469,67.29443359375
2022-10-13,140.24986267089844,348.3350524902344,221.72000122070312,32.78501892089844,46.839012145996094,36.77764892578125,29.611040115356445,81.91693115234375,58.49036407470703,62.194000244140625,30.407148361206055,28.141063690185547,117.1979751586914,68.03031158447266
2022-10-14,135.72816467285156,340.39697265625,204.99000549316406,31.679180145263672,46.07085037231445,35.40603256225586,29.113452911376953,80.1205062866211,56.84536361694336,61.07256317138672,29.643463134765625,27.734966278076172,116.40878295898438,65.48861694335938
2022-10-17,139.68093872070312,349.1441345214844,219.35000610351562,32.46907043457031,47.33831787109375,35.847068786621094,29.845754623413086,81.86964416503906,58.57796859741211,61.73276138305664,30.749496459960938,28.315099716186523,118.27845001220703,68.1465072631836
2022-10-18,140.99526977539062,353.2464294433594,220.19000244140625,33.10562515258789,47.693603515625,36.16020202636719,30.324556350708008,83.84571838378906,59.07439422607422,62.53765869140625,31.153289794921875,28.832763671875,118.93611145019531,69.08572387695312
2022-10-19,141.10316467285156,350.7431640625,222.0399932861328,32.715328216552734,47.73200607299805,37.227500915527344,29.82697296142578,83.25006103515625,58.904048919677734,62.24826431274414,30.372039794921875,28.45790672302246,117.27313995361328,68.31111145019531
2022-10-20,140.64215087890625,347.80206298828125,207.27999877929688,32.47835922241211,47.847232818603516,37.26278305053711,29.34816551208496,81.61436462402344,58.9381217956543,61.38005447387695,30.222808837890625,27.73942756652832,116.2772445678711,66.98942565917969
2022-10-21,144.4478302001953,356.254150390625,214.44000244140625,33.602787017822266,48.154502868652344,38.338905334472656,30.221281051635742,83.85516357421875,60.51499938964844,62.32060241699219,30.433488845825195,28.252628326416016,118.88914489746094,68.94049072265625
2022-10-24,146.58602905273438,360.61346435546875,211.25,33.40763854980469,48.49058151245117,38.519718170166016,30.624990463256836,84.97085571289062,61.35211181640625,63.44203186035156,30.415937423706055,28.4891414642334,121.1816177368164,69.22611999511719
2022-10-25,149.42068481445312,366.3719177246094,222.4199981689453,34.23469924926758,49.77726364135742,38.559425354003906,30.991134643554688,86.11487579345703,62.525028228759766,64.27406311035156,31.618528366088867,29.060354232788086,122.1023941040039,70.95932006835938
2022-10-26,146.48797607421875,363.6117248535156,224.63999938964844,34.47630310058594,48.202510833740234,39.084251403808594,31.066246032714844,86.41743469238281,61.13309097290039,64.69911193847656,31.557077407836914,29.04696273803711,123.45527648925781,70.38804626464844
2022-10-27,142.025146484375,361.6699523925781,225.08999633789062,34.388023376464844,45.91721725463867,39.22537612915039,31.319732666015625,87.42910766601562,60.43712615966797,64.75335693359375,31.574630737304688,29.27901840209961,122.80703735351562,70.11695098876953
2022-10-28,152.75552368164062,370.2743225097656,228.52000427246094,34.73186111450195,47.07907485961914,39.36209487915039,32.098976135253906,89.46189880371094,63.06525802612305,66.17325592041016,32.32075881958008,30.082286834716797,124.82701873779297,70.17987060546875
2022-10-31,150.4014892578125,367.59979248046875,227.5399932861328,34.42054748535156,46.29169845581055,39.69286346435547,31.901817321777344,89.20662689208984,62.23301696777344,65.78437805175781,32.241764068603516,29.801145553588867,124.72366333007812,69.72962188720703
2022-11-01,147.76303100585938,365.9911804199219,227.82000732421875,34.50883102416992,45.99403381347656,40.07656478881836,31.986309051513672,89.12153625488281,61.71225357055664,65.57636260986328,32.18909454345703,29.91716766357422,124.79884338378906,69.02279663085938
2022-11-02,142.25071716308594,356.80621337890625,214.97999572753906,33.6120719909668,44.697757720947266,39.11071014404297,31.582603454589844,87.55200958251953,59.58055114746094,64.43683624267578,31.34640121459961,29.627103805541992,122.6755142211914,66.41332244873047
2022-11-03,136.2186279296875,353.1322021484375,215.30999755859375,33.86763381958008,43.60311508178711,39.83399963378906,31.263402938842773,88.46915435791016,57.828468322753906,64.21977996826172,31.328847885131836,29.756513595581055,122.15875244140625,66.01631927490234
2022-11-04,135.95330810546875,358.2148742675781,207.47000122070312,35.043174743652344,43.90077590942383,40.31913757324219,31.836095809936523,89.88737487792969,58.88458251953125,64.97947692871094,31.767749786376953,29.939481735229492,122.90097045898438,66.5682373046875
2022-11-07,136.48387145996094,361.64141845703125,197.0800018310547,35.31730651855469,44.688148498535156,41.01154708862305,32.15530014038086,90.85177612304688,59.86770248413086,65.55827331542969,31.758970260620117,29.36827278137207,124.21632385253906,66.10346984863281
2022-11-08,137.0537109375,363.59259033203125,191.3000030517578,35.925987243652344,44.736167907714844,41.05125427246094,32.34306716918945,91.64598083496094,60.44199752807617,65.74817657470703,31.95209503173828,29.57355308532715,124.83643341064453,65.9388656616211
2022-11-09,132.50485229492188,356.1018981933594,177.58999633789062,35.345191955566406,44.1312255859375,39.044551849365234,31.79853630065918,90.36956787109375,58.86998748779297,65.03374481201172,31.600967407226562,29.34149932861328,123.49288177490234,63.924861907958984
2022-11-10,144.29443359375,375.671142578125,190.72000122070312,37.30132293701172,46.80060958862305,39.91337966918945,33.40396499633789,94.16097259521484,63.70768356323242,66.5621337890625,34.02370834350586,30.72489356994629,126.63093566894531,68.59674072265625
2022-11-11,147.07481384277344,379.3070373535156,195.97000122070312,37.75202178955078,48.0296745300293,41.073299407958984,33.67621612548828,94.10423278808594,64.79788208007812,66.48978424072266,34.00615310668945,30.381282806396484,125.08069610595703,70.24280548095703
2022-11-14,145.6796875,376.0804748535156,190.9499969482422,37.70091247558594,47.8376350402832,41.060062408447266,33.19741439819336,93.52749633789062,64.24303436279297,65.96525573730469,33.10201644897461,30.01980972290039,125.19346618652344,69.1292953491211
2022-11-15,147.40887451171875,379.28802490234375,194.4199981689453,37.64515686035156,48.54818344116211,41.49228286743164,33.27252197265625,94.17041015625,65.02175903320312,66.51692199707031,33.51458740234375,30.35004234313965,125.03370666503906,70.0733413696289
2022-11-16,146.18077087402344,376.3945007324219,186.9199981689453,37.27809524536133,48.068084716796875,40.645503997802734,33.112918853759766,93.48967742919922,64.13109588623047,66.84249877929688,33.277565002441406,30.62226104736328,124.97734069824219,69.00342559814453
2022-11-17,148.07693481445312,375.2427978515625,183.1699981689453,36.92031478881836,47.703208923339844,40.73370361328125,32.93454360961914,93.32893371582031,64.21382141113281,66.82440185546875,32.97911834716797,30.086750030517578,124.92100524902344,68.16587829589844
2022-11-18,148.63693237304688,376.94659423828125,180.19000244140625,37.16657257080078,47.55917739868164,40.41175079345703,33.2067985534668,94.01914978027344,64.28683471679688,67.53887176513672,33.40046691894531,30.72489356994629,126.43364715576172,68.25785064697266
2022-11-21,145.4144744873047,375.5759582519531,167.8699951171875,37.29203414916992,47.165489196777344,39.864871978759766,33.31007385253906,94.32170104980469,63.595741271972656,68.18098449707031,33.63747024536133,30.863237380981445,126.49002838134766,67.27022552490234
2022-11-22,147.54641723632812,380.6300964355469,169.91000366210938,38.13768005371094,47.8664436340332,41.11299133300781,33.6480598449707,95.04972076416016,64.82705688476562,68.6783676147461,33.804256439208984,31.126527786254883,127.58927154541016,68.03031158447266
2022-11-23,148.42080688476562,383.0286560058594,183.1999969482422,38.28636169433594,48.47137451171875,40.66755294799805,33.788883209228516,95.40902709960938,65.40137481689453,68.91349792480469,33.85691833496094,31.474620819091797,128.09661865234375,69.01311492919922
2022-11-25,145.51268005371094,382.9429626464844,182.86000061035156,38.27242660522461,48.202510833740234,40.51760482788086,33.901546478271484,95.77776336669922,65.02175903320312,68.9587173461914,34.05881881713867,31.65757942199707,128.85763549804688,69.05183410644531
2022-11-28,141.69091796875,376.83233642578125,182.9199981689453,37.41748046875,47.43435287475586,39.40620422363281,33.319461822509766,94.0380630493164,63.62980651855469,68.69645690917969,33.10201644897461,31.33180809020996,127.8899154663086,68.62578582763672
2022-11-29,138.6944122314453,376.1851501464844,180.8300018310547,37.542938232421875,47.453556060791016,40.0015869140625,33.51662063598633,94.61481475830078,63.00686264038086,68.43418884277344,33.655025482177734,31.09975814819336,127.57048797607422,68.4079360961914
2022-11-30,145.43408203125,388.0351257324219,194.6999969482422,38.44898223876953,49.46038818359375,40.20005798339844,34.08931350708008,96.17487335205078,66.17034149169922,69.80885314941406,34.4450569152832,31.876245498657227,130.6145782470703,70.76566314697266
2022-12-01,145.70921325683594,387.7496643066406,194.6999969482422,38.49544143676758,49.748451232910156,40.06775665283203,33.89216232299805,96.20321655273438,66.2627944946289,69.4923095703125,34.37483215332031,31.849470138549805,130.99037170410156,70.75598907470703
2022-12-02,145.21795654296875,387.30230712890625,194.86000061035156,38.918270111083984,49.873291015625,39.82959747314453,33.73255920410156,96.75160217285156,65.8783187866211,69.80885314941406,34.208045959472656,31.697734832763672,131.32862854003906,70.66401672363281
2022-12-05,144.05868530273438,380.3350524902344,182.4499969482422,38.14695739746094,49.08590316772461,38.64762496948242,32.89698791503906,95.13482666015625,64.78325653076172,68.93160247802734,33.62869644165039,31.519241333007812,130.0696563720703,68.62578582763672
2022-12-06,140.4038848876953,374.85260009765625,179.82000732421875,37.80778884887695,47.67440414428711,37.628841400146484,32.6059455871582,94.00969696044922,63.396217346191406,68.50653076171875,33.37412643432617,31.715593338012695,129.08314514160156,67.55587005615234
2022-12-07,138.46847534179688,374.21490478515625,174.0399932861328,37.72413635253906,47.43435287475586,37.54063415527344,32.474510192871094,93.88677978515625,63.07499694824219,68.79593658447266,33.444358825683594,31.56832504272461,130.14483642578125,67.14920043945312
2022-12-08,140.1484375,377.1464538574219,173.44000244140625,38.00292205810547,47.33831787109375,37.373043060302734,32.50267028808594,94.44461822509766,64.10677337646484,69.166748046875,33.69014358520508,31.77359962463379,131.3192596435547,67.79792785644531
2022-12-09,139.6670379638672,374.3291015625,179.0500030517578,37.62657165527344,47.47275161743164,36.46451950073242,32.418174743652344,93.6693344116211,63.71255874633789,68.6331558227539,33.619911193847656,31.608484268188477,129.637451171875,67.50260925292969
2022-12-12,141.95623779296875,379.7259216308594,167.82000732421875,37.951820373535156,47.847232818603516,37.42155456542969,32.85004425048828,95.27664184570312,65.10448455810547,69.35664367675781,33.90081787109375,32.331424713134766,131.01858520507812,67.67206573486328
2022-12-13,142.91900634765625,382.6003112792969,160.9499969482422,38.476863861083984,48.65381622314453,38.13161087036133,32.93454360961914,95.63593292236328,65.87344360351562,69.25719451904297,34.64694595336914,32.429603576660156,131.42259216308594,67.67206573486328
2022-12-14,140.69863891601562,380.1542663574219,156.8000030517578,38.06333541870117,48.020076751708984,37.89786911010742,32.52144241333008,95.45629119873047,65.3186264038086,69.21195220947266,34.31338119506836,32.38944625854492,131.62928771972656,67.1685562133789
2022-12-15,134.1063232421875,370.85504150390625,157.6699981689453,36.901729583740234,46.14767074584961,37.66853332519531,31.883045196533203,93.14929962158203,62.875457763671875,68.03627014160156,33.91836929321289,31.996732711791992,129.21469116210938,66.06475067138672
2022-12-16,132.1512451171875,366.4765625,150.22999572753906,36.74375915527344,46.138065338134766,37.2054557800293,31.638935089111328,92.752197265625,62.04319763183594,67.70166015625,32.91767501831055,31.45230484008789,127.3355941772461,64.8302001953125
2022-12-19,130.0487060546875,363.36895751953125,149.8699951171875,36.26628112792969,45.05805969238281,37.20099639892578,31.553909301757812,92.26390838623047,61.21589660644531,67.6588363647461,32.52793502807617,31.327219009399414,126.86011505126953,63.78936767578125
2022-12-20,129.97991943359375,363.8662414550781,137.8000030517578,36.504791259765625,45.366085052490234,37.76242446899414,31.686174392700195,92.37789916992188,61.308631896972656,67.60417175292969,32.45692825317383,31.336223602294922,126.83184814453125,63.0466194152832
2022-12-21,133.07470703125,369.306884765625,137.57000732421875,36.822784423828125,45.96287155151367,38.479793548583984,32.17742919921875,94.11640167236328,62.323856353759766,68.27821350097656,32.785396575927734,31.77263069152832,128.50164794921875,64.0515365600586
2022-12-22,129.91116333007812,364.0382995605469,125.3499984741211,36.467376708984375,45.56821060180664,37.593101501464844,31.894010543823242,92.91939544677734,60.7522087097168,68.12338256835938,32.6255989074707,31.579177856445312,128.3224334716797,62.405818939208984
2022-12-23,129.5476531982422,366.1323547363281,123.1500015258789,36.71990966796875,46.01100540161133,38.791690826416016,32.07352066040039,93.47039794921875,60.8156623840332,68.47862243652344,32.91857147216797,31.903104782104492,128.39788818359375,62.8330078125
2022-12-27,127.74977111816406,364.6885681152344,109.0999984741211,36.75263977050781,45.59709548950195,39.206085205078125,32.064064025878906,93.75540161132812,60.239715576171875,68.80653381347656,32.89192581176758,32.10107421875,128.06765747070312,61.81355285644531
2022-12-28,123.82972717285156,360.1562194824219,112.70999908447266,36.19146728515625,44.93292236328125,38.32830810546875,31.950695037841797,92.52989959716797,59.268428802490234,67.9502944946289,32.36813735961914,31.795135498046875,127.23749542236328,61.29410934448242
2022-12-29,127.3371353149414,366.63916015625,121.81999969482422,36.584285736083984,46.17464828491211,38.72930908203125,32.39471435546875,93.66988372802734,60.8205451965332,68.24179077148438,33.087242126464844,32.02458190917969,128.62428283691406,62.871856689453125
2022-12-30,127.65149688720703,365.67340087890625,123.18000030517578,36.327083587646484,46.19389724731445,38.9743766784668,32.3096923828125,93.29940795898438,60.73756790161133,67.90476989746094,32.785396575927734,31.718650817871094,128.16201782226562,62.70195770263672
2023-01-03,122.87673950195312,364.1339416503906,108.0999984741211,36.2896614074707,46.79069137573242,37.60646057128906,32.42306137084961,93.49890899658203,60.1616325378418,67.64973449707031,32.9096794128418,31.718650817871094,127.79410552978516,62.328147888183594
2023-01-04,124.14412689208984,366.9451599121094,113.63999938964844,36.920989990234375,47.66663360595703,37.60201644897461,32.942657470703125,94.32540893554688,60.31781005859375,67.91387176513672,33.66429138183594,32.006587982177734,128.1337127685547,63.23109817504883
2023-01-05,122.82760620117188,362.757080078125,110.33999633789062,36.33642578125,47.73401641845703,38.28820037841797,32.69703674316406,93.30889892578125,59.14640808105469,67.23072052001953,32.678863525390625,31.313724517822266,126.8223648071289,62.64369201660156
2023-01-06,127.34697723388672,371.07586669921875,113.05999755859375,37.58506393432617,48.51369857788086,39.01448059082031,33.42447280883789,95.86439514160156,60.87911605834961,69.02513122558594,33.6287841796875,31.943593978881836,127.99221801757812,64.11463928222656
2023-01-09,127.86766815185547,370.865478515625,119.7699966430664,37.82355499267578,48.590694427490234,38.87635803222656,33.30165100097656,95.43689727783203,61.58683776855469,68.35108947753906,33.61102294921875,32.15956115722656,125.85065460205078,64.50299835205078
2023-01-10,128.4374542236328,373.46624755859375,118.8499984741211,38.202354431152344,49.322261810302734,39.152610778808594,33.49060821533203,95.95938873291016,61.96754455566406,68.260009765625,33.708675384521484,32.16855239868164,126.90727996826172,65.31371307373047
2023-01-11,131.14907836914062,378.1898498535156,123.22000122070312,38.80095291137695,49.678409576416016,39.272911071777344,33.80236053466797,96.88088989257812,63.04133605957031,68.29645538330078,34.93380355834961,32.429500579833984,127.624267578125,67.07594299316406
2023-01-12,131.0704803466797,379.5667724609375,123.55999755859375,38.945919036865234,50.22707748413086,40.021480560302734,33.868492126464844,97.45088958740234,63.50990295410156,67.759033203125,35.32442092895508,32.209041595458984,127.21864318847656,67.18757629394531
2023-01-13,132.39683532714844,381.0393371582031,122.4000015258789,39.18442153930664,50.39072036743164,40.07940673828125,34.12356948852539,97.33689880371094,63.69049072265625,68.07785034179688,35.12023162841797,32.092071533203125,127.78466796875,67.81869506835938
2023-01-17,133.55615234375,380.34130859375,131.49000549316406,38.79159927368164,49.91905212402344,40.164058685302734,33.896846771240234,96.51039123535156,63.97846603393555,68.12338256835938,35.12910461425781,32.04708480834961,127.19032287597656,67.86723327636719
2023-01-18,132.8389129638672,374.3363952636719,128.77999877929688,38.24444580078125,49.3126335144043,39.428863525390625,33.26386260986328,94.6958999633789,63.15359878540039,66.26522827148438,34.587562561035156,31.277734756469727,125.39784240722656,66.98370361328125
2023-01-19,132.8978729248047,371.61126708984375,127.16999816894531,37.949825286865234,49.56290054321289,39.91899108886719,32.876529693603516,92.7483901977539,62.416587829589844,65.63672637939453,34.41889953613281,30.962797164916992,125.69973754882812,65.87198638916016
2023-01-20,135.45223999023438,378.5340881347656,133.4199981689453,38.712093353271484,51.11264419555664,40.31555938720703,33.39612579345703,94.04039764404297,64.10536193847656,66.14680480957031,34.81838607788086,31.147266387939453,126.33180236816406,67.46916198730469
2023-01-23,138.63546752929688,383.075927734375,143.75,38.83836364746094,52.007843017578125,40.36902618408203,33.78346633911133,95.06639099121094,65.56473541259766,66.3563003540039,34.91604232788086,31.156259536743164,126.76578521728516,68.5226058959961
2023-01-24,140.03054809570312,382.66485595703125,143.88999938964844,38.86174392700195,51.86344909667969,40.21308135986328,33.80236053466797,95.69341278076172,65.53546142578125,66.62955474853516,35.06696701049805,31.313724517822266,125.92615509033203,68.44493865966797
2023-01-25,139.372314453125,382.8082580566406,144.42999267578125,38.941246032714844,52.04633712768555,40.217533111572266,34.066890716552734,95.16138458251953,65.3988037109375,66.79351806640625,35.102474212646484,30.89081382751465,125.96392059326172,68.79448699951172
2023-01-26,141.43548583984375,387.015380859375,160.27000427246094,39.1283073425293,52.85490036010742,41.48741912841797,34.24637985229492,95.68391418457031,66.44329071044922,66.55669403076172,35.501976013183594,30.994291305541992,126.19973754882812,70.20227813720703
2023-01-27,143.3709259033203,387.90472412109375,177.89999389648438,39.00203323364258,53.22068405151367,40.64973831176758,34.24637985229492,96.0828857421875,66.72150421142578,66.36541748046875,35.82156753540039,30.994291305541992,125.34122467041016,71.79461669921875
2023-01-30,140.49234008789062,383.0377502441406,166.66000366210938,38.73548126220703,52.38323974609375,39.71848678588867,34.07633972167969,95.14238739013672,65.4476089477539,66.44737243652344,35.386566162109375,30.85481834411621,124.20915222167969,70.57124328613281
2023-01-31,141.7596893310547,388.6696472167969,173.22000122070312,39.586605072021484,53.01853942871094,40.07048797607422,34.53925704956055,96.75738525390625,66.36034393310547,67.16697692871094,36.03464126586914,31.08427619934082,125.81294250488281,72.18781280517578
2023-02-01,142.8796844482422,392.80035400390625,181.41000366210938,39.84848403930664,53.64421081542969,39.281822204589844,34.53925704956055,97.46040344238281,67.92220306396484,67.70438385009766,36.30097198486328,31.138256072998047,126.40730285644531,73.55681610107422
2023-02-02,148.17518615722656,398.518310546875,188.27000427246094,39.72221755981445,57.16722106933594,38.3862190246582,34.63372039794922,98.22039031982422,69.7769546508789,67.1214370727539,37.13547897338867,31.205751419067383,125.54877471923828,75.80936431884766
2023-02-03,151.79063415527344,394.282470703125,189.97999572753906,39.006717681884766,56.02177047729492,38.30156326293945,34.567604064941406,97.70738983154297,69.19612121582031,66.8572769165039,36.36311721801758,30.553388595581055,125.18086242675781,73.47431182861328
2023-02-06,149.0692138671875,391.87286376953125,194.75999450683594,38.57647705078125,55.34796905517578,38.12778854370117,34.55815124511719,97.46990203857422,68.35173034667969,66.93926239013672,36.132293701171875,30.814321517944336,124.48273468017578,73.36748504638672
2023-02-07,151.93801879882812,396.99798583984375,196.80999755859375,39.0955696105957,56.37792205810547,39.36648178100586,34.954933166503906,97.77389526367188,70.06004333496094,66.6568832397461,35.99024963378906,30.800827026367188,125.28459167480469,73.53741455078125
2023-02-08,149.25588989257812,392.65692138671875,201.2899932861328,38.782249450683594,54.60678482055664,39.01448059082031,34.74708557128906,97.22288513183594,69.21564483642578,66.14680480957031,35.8925895690918,30.28342628479004,124.9167251586914,72.9111557006836
2023-02-09,148.22427368164062,389.2528991699219,207.32000732421875,38.22106170654297,53.41320037841797,38.680294036865234,34.35975646972656,96.34889221191406,68.83494567871094,65.8553237915039,35.54636764526367,29.869516372680664,123.82237243652344,72.77523803710938
2023-02-10,148.58834838867188,390.161376953125,196.88999938964844,38.361358642578125,52.90303421020508,40.19525146484375,34.473121643066406,97.03289794921875,68.51768493652344,66.46560668945312,35.61738204956055,30.463390350341797,124.99217987060547,71.92080688476562
2023-02-13,151.38284301757812,394.7414245605469,194.63999938964844,38.56244659423828,53.653839111328125,40.0927734375,34.86990737915039,97.91638946533203,69.7037124633789,67.22161102294922,35.945858001708984,30.647859573364258,126.0299072265625,72.97428894042969
2023-02-14,150.7432403564453,394.5597229003906,209.25,38.65129852294922,53.67308044433594,40.106136322021484,34.68096160888672,97.65039825439453,70.00147247314453,66.61133575439453,35.572994232177734,30.51738739013672,125.28459167480469,73.84808349609375
2023-02-15,152.839111328125,395.84100341796875,214.24000549316406,38.81965255737305,54.16400146484375,39.424415588378906,34.718746185302734,98.2583999633789,70.32848358154297,66.73886108398438,35.670650482177734,30.715347290039062,124.66197967529297,74.71221923828125
2023-02-16,151.24508666992188,390.3907470703125,202.0399932861328,38.380062103271484,53.336185455322266,39.03676223754883,34.369197845458984,97.24189758300781,69.10824584960938,66.25611877441406,35.3421745300293,30.48139190673828,123.41668701171875,73.08106994628906
2023-02-17,150.10369873046875,389.4154968261719,208.30999755859375,38.01997756958008,53.2784309387207,37.64656448364258,34.378639221191406,97.8783950805664,68.24435424804688,67.11231994628906,35.16462326049805,30.809825897216797,124.52046966552734,73.09564971923828
2023-02-21,146.0989532470703,381.6034851074219,197.3699951171875,37.393314361572266,52.10409927368164,37.45941925048828,33.67009735107422,95.63639068603516,66.6239013671875,66.8572769165039,34.472164154052734,30.233938217163086,122.90724182128906,70.65375518798828
2023-02-22,146.52203369140625,381.0775146484375,200.86000061035156,37.67390441894531,52.20998001098633,37.209903717041016,33.63230895996094,95.39888763427734,66.52628326416016,66.75708770751953,34.161441802978516,30.116966247558594,122.49214172363281,71.01301574707031
2023-02-23,147.00421142578125,383.10467529296875,202.07000732421875,37.71599197387695,51.96934127807617,37.771324157714844,33.6606559753418,95.84539794921875,67.62936401367188,66.67510223388672,34.48991394042969,29.95949363708496,122.82233428955078,70.95475769042969
2023-02-24,144.3573455810547,379.01220703125,196.8800048828125,37.96852111816406,51.24740219116211,37.722320556640625,33.68899154663086,95.29438781738281,66.42378997802734,66.22877502441406,33.85072708129883,29.968496322631836,121.2374038696289,69.83818817138672
2023-02-27,145.5479278564453,380.3030700683594,207.6300048828125,38.09479904174805,51.411041259765625,37.833717346191406,33.67954635620117,96.13988494873047,66.78008270263672,66.15591430664062,33.903987884521484,29.76603889465332,120.8694839477539,70.70232391357422
2023-02-28,145.046142578125,378.8974914550781,205.7100067138672,38.2678337097168,51.4976692199707,37.29010772705078,33.74567794799805,95.92137908935547,66.63365936279297,65.60938262939453,33.9217414855957,29.244140625,119.97322845458984,70.65375518798828
2023-03-01,142.97976684570312,377.4440612792969,202.77000427246094,38.56713104248047,51.10301971435547,38.025306701660156,33.63230895996094,96.30140686035156,66.14557647705078,65.12663269042969,33.397953033447266,28.762739181518555,119.7751235961914,69.76538848876953
2023-03-02,143.5701904296875,380.3795471191406,190.89999389648438,39.006717681884766,51.58430099487305,38.3594856262207,33.47171401977539,97.43187713623047,66.960693359375,66.01929473876953,33.83296585083008,29.307126998901367,120.51097106933594,69.53235626220703
2023-03-03,148.6080780029297,386.4800109863281,197.7899932861328,39.56322479248047,52.71051025390625,38.880802154541016,34.000755310058594,98.48638153076172,68.4005355834961,66.07392883300781,34.40113830566406,29.80652618408203,121.86006164550781,71.02758026123047
2023-03-06,151.36312866210938,386.7476806640625,193.80999755859375,38.92253875732422,52.71051025390625,38.89863204956055,34.02909851074219,98.3058853149414,68.72754669189453,66.24700164794922,34.267967224121094,29.95050048828125,121.8034439086914,70.50814056396484
2023-03-07,149.16896057128906,380.81939697265625,187.7100067138672,38.15558624267578,52.17147445678711,38.22135543823242,33.150508880615234,97.04239654541016,67.8733901977539,65.5911865234375,33.406837463378906,29.460100173950195,119.8411636352539,69.54692077636719
2023-03-08,150.41854858398438,381.44091796875,182.0,38.3426513671875,52.20035171508789,37.829254150390625,33.02769088745117,97.27039337158203,68.43470764160156,65.70047760009766,33.87735366821289,29.685056686401367,119.19965362548828,69.42071533203125
2023-03-09,148.1750946044922,374.4034118652344,172.9199981689453,37.35591125488281,51.0260009765625,37.29456329345703,31.686174392700195,95.83588409423828,67.45364379882812,65.09021759033203,33.10499572753906,29.446598052978516,117.99207305908203,67.76527404785156
2023-03-10,146.1186065673828,369.0009460449219,173.44000244140625,36.5609016418457,50.30408477783203,36.81779479980469,31.109888076782227,94.04989624023438,66.2676010131836,64.77139282226562,32.048545837402344,28.983192443847656,117.12413787841797,67.09048461914062
2023-03-13,148.05703735351562,368.47503662109375,174.47999572753906,36.1867790222168,50.30408477783203,36.06924057006836,29.881744384765625,93.51789855957031,66.62877655029297,65.09931945800781,32.56345748901367,29.428606033325195,118.21849822998047,67.23126983642578
2023-03-14,150.14300537109375,374.56591796875,183.25999450683594,36.64976119995117,51.728694915771484,36.425689697265625,30.486370086669922,94.50590515136719,68.166259765625,65.69137573242188,32.90080642700195,29.815526962280273,119.27513122558594,68.37210083007812
2023-03-15,150.53662109375,372.2232971191406,180.4499969482422,35.4619255065918,52.28697967529297,34.46963119506836,29.673900604248047,92.17839050292969,68.2052993774414,66.11947631835938,32.91857147216797,30.220447540283203,119.17133331298828,68.2701644897461
2023-03-16,153.3507537841797,378.75396728515625,184.1300048828125,35.8687744140625,53.461334228515625,34.843902587890625,30.24073600769043,93.36589050292969,70.11859130859375,66.1650161743164,32.91857147216797,30.42290496826172,120.28455352783203,69.50323486328125
2023-03-17,152.51438903808594,374.3252868652344,180.1300048828125,35.312278747558594,52.95115661621094,34.29585266113281,29.267671585083008,91.83639526367188,70.02098083496094,65.6822509765625,32.1639518737793,30.130460739135742,118.73738861083984,68.6148452758789
2023-03-20,154.87588500976562,377.9246826171875,183.25,36.038883209228516,53.346893310546875,34.98243713378906,29.593320846557617,93.0526123046875,70.20979309082031,66.59292602539062,32.50907897949219,30.36614227294922,120.24230194091797,68.91187286376953
2023-03-21,156.7257537841797,382.8870849609375,197.5800018310547,36.475685119628906,54.485836029052734,36.19354248046875,30.343358993530273,94.13052368164062,70.77723693847656,66.53800201416016,32.32131576538086,29.754287719726562,120.9715576171875,70.8158187866211
2023-03-22,155.2990264892578,376.36016845703125,191.14999389648438,35.827518463134766,53.53028106689453,35.42366409301758,29.640785217285156,92.32765197753906,70.07283020019531,65.92479705810547,31.141117095947266,29.16962432861328,119.1436767578125,69.23812103271484
2023-03-23,156.38133239746094,377.3776550292969,192.22000122070312,35.78525161743164,54.39897537231445,34.93292236328125,29.441408157348633,92.06055450439453,71.21259307861328,65.66853332519531,30.9533634185791,28.87049674987793,118.91636657714844,69.16508483886719
2023-03-24,157.68019104003906,379.8540344238281,190.41000366210938,36.076454162597656,54.67887878417969,35.06798553466797,29.42242431640625,92.44213104248047,71.39847564697266,66.78512573242188,31.74909019470215,29.772415161132812,120.56431579589844,68.94109344482422
2023-03-27,155.74180603027344,380.5643005371094,191.80999755859375,36.344173431396484,54.37001419067383,35.81536102294922,29.830673217773438,93.21477508544922,70.84571075439453,67.1420669555664,31.641809463500977,29.808666229248047,121.0567855834961,69.08230590820312
2023-03-28,155.1218719482422,379.71002197265625,189.19000244140625,36.51795959472656,53.92600631713867,36.369140625,29.821176528930664,93.69172668457031,70.5130844116211,67.26105499267578,31.534517288208008,29.890249252319336,120.3275375366211,68.99951934814453
2023-03-29,158.1918487548828,385.2290344238281,193.8800048828125,37.02521514892578,54.64026641845703,36.87338638305664,30.257915496826172,95.05580139160156,71.99036407470703,67.63630676269531,32.28555679321289,30.32535743713379,120.65901947021484,70.30940246582031
2023-03-30,159.75636291503906,387.4847106933594,195.27999877929688,37.27885437011719,54.90087127685547,37.03546905517578,30.191450119018555,95.2561264038086,72.82682800292969,67.8284912109375,32.70577621459961,30.456783294677734,121.31250762939453,70.92293548583984
2023-03-31,162.25563049316406,392.9461669921875,207.4600067138672,37.884742736816406,55.95294952392578,37.29209518432617,30.52375030517578,96.51527404785156,73.86875915527344,68.37765502929688,33.421043395996094,30.678869247436523,122.61003875732422,72.81713104248047
2023-04-03,163.5052490234375,394.4434814453125,194.77000427246094,38.12427520751953,56.18460464477539,38.980438232421875,30.580713272094727,96.68695831298828,73.75135040283203,68.73458099365234,33.10810852050781,30.470388412475586,123.9832992553711,72.1500244140625
2023-04-04,162.9739532470703,392.25506591796875,192.5800018310547,37.57474899291992,56.35833740234375,38.273582458496094,30.295886993408203,94.5216293334961,73.34535217285156,68.59729766845703,33.11705017089844,30.624481201171875,124.00222778320312,72.03315734863281
2023-04-05,161.13389587402344,391.22802734375,185.52000427246094,37.490203857421875,56.17494583129883,38.84986877441406,30.257915496826172,93.29110717773438,72.50887298583984,68.91764068603516,32.94717025756836,31.417631149291992,126.14266204833984,70.55772399902344
2023-04-06,162.01950073242188,392.7541198730469,185.05999755859375,37.400962829589844,56.87954330444336,38.26007843017578,30.371841430664062,93.2624740600586,72.9197769165039,68.9725570678711,33.170692443847656,31.63970375061035,126.4552230834961,70.57234954833984
2023-04-10,159.43167114257812,393.1572265625,184.50999450683594,37.57944107055664,56.754066467285156,38.56623840332031,30.438302993774414,94.11143493652344,72.88065338134766,68.9725570678711,33.340572357177734,31.576251983642578,126.36994171142578,70.88397979736328
2023-04-11,158.22137451171875,393.26287841796875,186.7899932861328,37.870643615722656,56.60928726196289,38.9309196472168,30.704139709472656,94.67424774169922,72.19580078125,69.17391204833984,33.50150680541992,31.60344696044922,126.79615020751953,70.9959945678711
2023-04-12,157.5325927734375,391.6599426269531,180.5399932861328,37.898834228515625,56.0205192565918,38.957923889160156,30.637678146362305,94.98902130126953,71.78490447998047,68.86272430419922,33.403160095214844,31.57172393798828,126.83403015136719,69.89549255371094
2023-04-13,162.90504455566406,396.86224365234375,185.89999389648438,38.288673400878906,57.188411712646484,39.2010498046875,30.913005828857422,95.34196472167969,73.12034606933594,69.24713134765625,33.29587173461914,31.576251983642578,128.48193359375,71.43909454345703
2023-04-14,162.5606689453125,395.8927917480469,185.0,38.01154708862305,57.16910934448242,39.27308654785156,31.216827392578125,95.22750091552734,72.71431732177734,68.80782318115234,32.723655700683594,31.22273826599121,127.44966125488281,71.53160858154297
2023-04-17,162.58035278320312,397.3133850097656,187.0399932861328,38.232303619384766,56.840938568115234,38.809349060058594,31.577598571777344,95.9810791015625,72.97846984863281,69.24713134765625,33.46574783325195,31.394962310791016,127.34546661376953,72.03803253173828
2023-04-18,163.8004608154297,397.572509765625,184.30999755859375,38.39200210571289,56.55137252807617,38.962425231933594,31.672544479370117,96.43893432617188,73.20348358154297,69.45763397216797,33.41210174560547,31.23180389404297,126.47412109375,72.15489959716797
2023-04-19,164.9418487548828,397.50531005859375,180.58999633789062,38.28397750854492,56.126686096191406,38.827354431152344,31.748497009277344,96.36264038085938,72.9931411743164,69.41187286376953,33.608802795410156,31.472013473510742,126.8624267578125,72.08673095703125
2023-04-20,163.97756958007812,395.3360900878906,162.99000549316406,38.24169921875,55.54756546020508,38.485191345214844,31.653553009033203,96.19093322753906,72.51376342773438,69.57660675048828,33.20646286010742,31.462953567504883,126.3415298461914,70.97650909423828
2023-04-21,162.37368774414062,395.64324951171875,165.0800018310547,37.90353012084961,55.68269348144531,38.26007843017578,31.53962516784668,95.97152709960938,72.27898406982422,70.08000183105469,33.24222183227539,31.55359649658203,127.19393920898438,71.7604751586914
2023-04-24,162.6787567138672,396.0559387207031,162.5500030517578,38.16184616088867,55.62478256225586,38.84536361694336,31.463661193847656,96.20047760009766,71.96102142333984,70.36372375488281,33.15282440185547,31.712223052978516,127.90422821044922,71.75074005126953
2023-04-25,161.1437530517578,389.7690124511719,160.6699981689453,37.33521270751953,54.756099700927734,38.11600875854492,30.92250633239746,94.42622375488281,70.42503356933594,70.27220153808594,32.84882736206055,31.68048858642578,126.54044342041016,70.32886505126953
2023-04-26,161.13389587402344,388.1181640625,153.75,36.893707275390625,54.17697525024414,37.60725021362305,30.6281795501709,92.64244842529297,71.47184753417969,69.7230453491211,32.58060073852539,30.93720817565918,124.7409896850586,69.96853637695312
2023-04-27,165.70936584472656,395.8448791503906,160.19000244140625,37.39626693725586,57.32353973388672,37.7423210144043,31.12187385559082,94.47393035888672,72.9882583618164,70.50100708007812,33.367393493652344,31.308853149414062,125.39444732666016,71.81404113769531
2023-04-28,166.95896911621094,399.2234191894531,164.30999755859375,37.83308029174805,57.815799713134766,38.32761001586914,31.49215316772461,95.3896713256836,73.78070831298828,70.87625885009766,33.751853942871094,31.263526916503906,126.46466064453125,71.99909210205078
2023-05-01,166.87042236328125,398.8203125,161.8300018310547,37.814292907714844,57.8061408996582,37.89539337158203,31.406705856323242,95.90476989746094,73.82472229003906,70.93118286132812,33.438926696777344,31.317916870117188,127.1181640625,71.28813934326172
2023-05-02,165.8372344970703,394.3378601074219,160.30999755859375,37.447933197021484,56.73476028442383,36.24756622314453,30.69464874267578,94.9031753540039,73.135009765625,70.73897552490234,32.86670684814453,30.93720817565918,126.56884765625,71.36119842529297
2023-05-03,164.76473999023438,391.6311340332031,160.61000061035156,37.034603118896484,56.51277160644531,35.563232421875,30.343358993530273,94.54070281982422,72.51866149902344,70.16236114501953,32.66107177734375,30.85109519958496,126.39839935302734,70.79633331298828
2023-05-04,163.13134765625,388.85723876953125,161.1999969482422,36.795074462890625,55.605472564697266,35.16703796386719,29.954097747802734,93.510498046875,72.17134857177734,69.98847198486328,32.96505355834961,31.08677101135254,125.39444732666016,70.25096130371094
2023-05-05,170.78662109375,396.0559387207031,170.05999755859375,37.41505432128906,56.30042266845703,36.12150955200195,30.69464874267578,94.9222640991211,73.98126983642578,70.6382827758789,33.47468566894531,31.286191940307617,126.52147674560547,71.67284393310547
2023-05-08,170.7177276611328,396.1615295410156,171.7899932861328,37.29294204711914,56.86988830566406,36.12150955200195,30.74211311340332,94.578857421875,73.9421157836914,70.42778778076172,33.24222183227539,31.191011428833008,126.24683380126953,71.91631317138672
2023-05-09,169.01544189453125,394.4242248535156,169.14999389648438,36.95476531982422,56.51277160644531,36.135013580322266,30.6281795501709,94.78871154785156,73.37471008300781,70.20812225341797,33.13493728637695,31.150218963623047,125.4039535522461,71.8968276977539
2023-05-10,170.7767791748047,396.26715087890625,168.5399932861328,36.978248596191406,57.014678955078125,35.725318908691406,30.457292556762695,94.4452896118164,74.26986694335938,70.09830474853516,33.44786834716797,31.43575668334961,125.75435638427734,72.26202392578125
2023-05-11,170.96371459960938,395.5760192871094,172.0800018310547,36.61659240722656,57.58414840698242,35.29759979248047,30.40981674194336,93.87296295166016,73.9372329711914,70.30880737304688,33.09917449951172,31.113964080810547,125.36604309082031,72.5980224609375
2023-05-12,170.0375213623047,395.0577087402344,167.97999572753906,36.682350158691406,57.63240051269531,35.351627349853516,30.286392211914062,93.93974304199219,73.83941650390625,70.58338165283203,33.16175842285156,31.286191940307617,125.195556640625,71.98445129394531
2023-05-15,169.5448455810547,396.4207763671875,166.35000610351562,36.99234390258789,57.90266036987305,35.531715393066406,30.53324317932129,94.39761352539062,74.45087432861328,70.40948486328125,33.09917449951172,30.891883850097656,124.97772979736328,72.07699584960938
2023-05-16,169.5448455810547,393.7715759277344,166.52000427246094,36.381744384765625,57.83509063720703,34.65827941894531,30.248416900634766,93.11940002441406,74.52913665771484,69.81456756591797,32.214019775390625,30.2075138092041,123.93592834472656,71.78482055664062
2023-05-17,170.15576171875,398.55157470703125,173.86000061035156,36.62129211425781,58.53969955444336,35.32461166381836,30.856042861938477,94.72193908691406,75.52214050292969,69.77796936035156,32.634246826171875,30.098739624023438,124.08746337890625,73.27974700927734
2023-05-18,172.48110961914062,402.3908996582031,176.88999938964844,36.837337493896484,59.59177017211914,35.581241607666016,31.083904266357422,95.40875244140625,77.06790161132812,69.43933868408203,32.428611755371094,30.008092880249023,123.7844009399414,74.41918182373047
2023-05-19,172.58949279785156,401.805419921875,180.13999938964844,36.931278228759766,59.27326202392578,35.85587692260742,30.950986862182617,95.1798095703125,77.03365325927734,69.48509216308594,32.374961853027344,29.9627685546875,124.36212921142578,73.79588317871094
2023-05-22,171.64358520507812,401.9685363769531,188.8699951171875,36.738712310791016,59.81377410888672,35.70730209350586,31.007951736450195,95.16072845458984,77.1803970336914,68.43255615234375,32.58953857421875,29.971832275390625,124.48524475097656,73.5670394897461
2023-05-23,169.0423126220703,397.4573059082031,185.77000427246094,36.17039108276367,59.07056427001953,36.089996337890625,30.64716911315918,94.01606750488281,76.0406494140625,67.92916870117188,32.18720245361328,29.867595672607422,123.12145233154297,72.89505004882812
2023-05-24,169.31822204589844,394.57781982421875,182.89999389648438,35.75706100463867,58.80030822753906,36.24756622314453,30.248416900634766,92.80459594726562,75.48299407958984,67.48988342285156,31.480867385864258,29.672704696655273,122.27853393554688,72.62722778320312
2023-05-25,170.45135498046875,397.99481201171875,184.47000122070312,35.6302604675293,58.80030822753906,35.603755950927734,30.23892593383789,93.10985565185547,78.37883758544922,66.97732543945312,31.55240249633789,29.273866653442383,121.02838134765625,72.30098724365234
2023-05-26,172.85552978515625,403.1491394042969,193.1699981689453,35.80873489379883,59.99715805053711,35.46417999267578,30.48577308654785,93.80618286132812,80.60454559326172,67.2061538696289,31.918975830078125,29.273866653442383,120.78214263916016,74.00041198730469
2023-05-30,174.69810485839844,403.3027038574219,201.16000366210938,35.61616134643555,60.09367370605469,35.0994987487793,30.476274490356445,93.66311645507812,81.03501892089844,66.43733978271484,32.01732635498047,29.16055679321289,120.03394317626953,74.49707794189453
2023-05-31,174.64883422851562,401.06634521484375,203.92999267578125,35.2357177734375,60.074378967285156,34.48269271850586,30.153472900390625,92.38489532470703,80.35997772216797,66.51055908203125,32.22297286987305,29.427967071533203,121.06626892089844,73.8250961303711
2023-06-01,177.44715881347656,404.8768615722656,207.52000427246094,35.70540237426758,60.88514709472656,34.910404205322266,30.476274490356445,93.56771850585938,81.17686462402344,66.45563507080078,32.23190689086914,29.210412979125977,121.8618392944336,74.69672393798828
2023-06-02,178.2945098876953,410.7318420410156,213.97000122070312,36.90309524536133,60.962364196777344,35.97293472290039,31.140859603881836,96.28633880615234,81.6415786743164,67.37088775634766,32.91141128540039,29.514076232910156,123.42450714111328,76.44972229003906
2023-06-05,176.9446563720703,409.94482421875,217.61000061035156,36.87491989135742,61.11679458618164,35.734310150146484,30.979467391967773,95.61859893798828,81.17198181152344,67.12377166748047,32.75941848754883,29.654573440551758,123.86963653564453,76.67857360839844
2023-06-06,176.58006286621094,410.83740234375,221.30999755859375,37.109764099121094,61.36775207519531,36.0224609375,31.368728637695312,96.21955871582031,81.15241241455078,66.78512573242188,32.956119537353516,29.631908416748047,122.83731079101562,77.47716522216797
2023-06-07,175.21047973632812,409.4168701171875,224.57000732421875,37.55126190185547,60.68245315551758,36.97693634033203,31.49215316772461,97.7648696899414,79.93928527832031,66.56546783447266,33.564090728759766,30.134992599487305,122.35430145263672,76.95125579833984
2023-06-08,177.9200897216797,411.89324951171875,234.86000061035156,37.41505432128906,60.99131393432617,36.819358825683594,31.463661193847656,97.93657684326172,80.80509948730469,67.0230941772461,33.358455657958984,30.266433715820312,123.14038848876953,78.0907211303711
2023-06-09,178.3043975830078,412.63226318359375,244.39999389648438,37.10505676269531,61.01062774658203,36.61675262451172,31.47316551208496,97.67903137207031,81.20621490478516,66.91326141357422,33.188575744628906,30.08967399597168,123.51921844482422,78.49486541748047
2023-06-12,181.0928497314453,416.3756103515625,249.8300018310547,37.27414321899414,61.734527587890625,36.265586853027344,31.463661193847656,98.3753662109375,82.97210693359375,66.89495849609375,33.170692443847656,30.03528594970703,123.96434020996094,79.84368896484375
2023-06-13,180.61988830566406,419.12078857421875,258.7099914550781,38.138362884521484,61.937217712402344,36.436668395996094,31.653553009033203,99.5200424194336,83.47593688964844,67.16952514648438,33.41210174560547,30.03075408935547,124.58943939208984,80.67150115966797
2023-06-14,181.25047302246094,419.619873046875,256.7900085449219,37.978675842285156,62.04339599609375,36.06298065185547,31.530128479003906,99.25296020507812,84.33687591552734,67.58138275146484,33.59092330932617,30.012622833251953,123.31087493896484,80.61306762695312
2023-06-15,183.28025817871094,424.8221740722656,255.89999389648438,38.302764892578125,63.02791213989258,36.45918655395508,31.947874069213867,100.75057220458984,85.42282104492188,68.2586669921875,33.73397445678711,30.338947296142578,125.2239761352539,81.13896942138672
2023-06-16,182.20628356933594,423.3750915527344,260.5400085449219,38.396697998046875,62.506683349609375,36.405155181884766,31.881410598754883,100.58838653564453,84.71842956542969,68.34102630615234,33.69820785522461,30.502111434936523,125.21449279785156,81.01722717285156
2023-06-20,182.29495239257812,421.1785888671875,274.45001220703125,37.87703323364258,62.20215606689453,35.590335845947266,31.642995834350586,99.84138488769531,84.14588928222656,67.82118225097656,33.336238861083984,30.144384384155273,125.07376098632812,81.62419891357422
2023-06-21,181.26034545898438,419.0205383300781,259.4599914550781,37.999752044677734,61.58342361450195,35.8719367980957,31.604843139648438,100.3968505859375,82.90080261230469,68.06083679199219,33.19179916381836,30.386524200439453,125.09278869628906,80.64346313476562
2023-06-22,184.25572204589844,420.5331115722656,264.6099853515625,37.910072326660156,62.06680679321289,35.39048767089844,31.35689353942871,99.66900634765625,83.57727813720703,68.45718383789062,32.7224006652832,30.15351676940918,125.94869232177734,81.67298889160156
2023-06-23,183.94039916992188,417.3538818359375,256.6000061035156,37.60327911376953,61.93146514892578,35.13614273071289,31.223377227783203,98.91239166259766,82.67042541503906,68.00552368164062,32.370361328125,29.71035385131836,125.53025817871094,80.7264175415039
2023-06-26,182.5511474609375,415.6487121582031,241.0500030517578,37.99502944946289,61.312721252441406,35.76747512817383,31.156614303588867,99.73603820800781,82.0772933959961,68.09769439697266,33.092506408691406,30.002750396728516,124.81700134277344,79.69203186035156
2023-06-27,185.3001708984375,420.2055969238281,250.2100067138672,38.53309631347656,62.34717559814453,35.84922409057617,31.40457534790039,100.93318176269531,83.6949234008789,68.30048370361328,33.45358657836914,30.01188850402832,124.53169250488281,81.40463256835938
2023-06-28,186.47274780273438,420.4175109863281,256.239990234375,38.26877975463867,62.627540588378906,36.21257781982422,31.32828140258789,100.93318176269531,83.74392700195312,67.83961486816406,33.54384994506836,29.5687255859375,124.13229370117188,81.72666931152344
2023-06-29,186.80775451660156,422.0745544433594,257.5,38.75021743774414,62.28916931152344,36.63043212890625,31.871875762939453,101.91004943847656,83.89098358154297,67.77510070800781,33.85075759887695,29.5687255859375,124.94062042236328,81.81448364257812
2023-06-30,191.12347412109375,427.0552978515625,261.7699890136719,39.1136474609375,62.91757583618164,36.866607666015625,32.1484375,102.78154754638672,85.22431182861328,68.36500549316406,34.02227020263672,29.897668838500977,126.22444152832031,82.85375213623047
2023-07-03,189.6356201171875,427.5467224121094,279.82000732421875,39.25996398925781,63.130271911621094,36.952903747558594,32.32963562011719,102.80071258544922,85.04295349121094,68.89960479736328,34.29308319091797,30.121540069580078,125.18788146972656,83.85399627685547
2023-07-05,188.52218627929688,426.91082763671875,282.4800109863281,38.29238510131836,63.61365509033203,36.7485237121582,32.26288986206055,102.24524688720703,84.5184326171875,68.77978515625,34.464599609375,30.464183807373047,125.1213150024414,83.88813781738281
2023-07-06,188.99514770507812,423.5677795410156,276.5400085449219,38.013912200927734,63.11090850830078,35.921897888183594,31.98632049560547,101.47907257080078,84.29293823242188,68.60465240478516,34.275028228759766,30.094125747680664,124.12277221679688,82.53661346435547
2023-07-07,187.88172912597656,422.4984436035156,274.42999267578125,38.34429931640625,62.888572692871094,36.69401550292969,32.03400421142578,101.70892333984375,83.92530059814453,67.71058654785156,34.11254119873047,29.874826431274414,122.67727661132812,82.63906860351562
2023-07-10,185.8421173095703,423.5677795410156,269.6099853515625,38.334861755371094,62.72420883178711,36.980159759521484,32.17705535888672,103.15505981445312,84.14588928222656,67.692138671875,34.229896545410156,29.74690055847168,123.64729309082031,82.89279174804688
2023-07-11,185.3199005126953,426.2654113769531,269.7900085449219,38.71245574951172,63.81666564941406,37.79315185546875,32.558528900146484,104.3713607788086,84.3272476196289,67.79353332519531,34.6180419921875,30.11696434020996,123.67582702636719,83.58563995361328
2023-07-12,186.98507690429688,429.695068359375,271.989990234375,39.222206115722656,64.59008026123047,38.142887115478516,32.76832962036133,104.18939208984375,85.28312683105469,67.95023345947266,34.78052520751953,30.55556297302246,123.34295654296875,84.33705139160156
2023-07-13,187.7437744140625,433.10546875,277.8999938964844,39.52899169921875,65.53752136230469,37.99755096435547,32.882774353027344,104.323486328125,86.3958511352539,68.23597717285156,35.01523208618164,30.660648345947266,123.39049530029297,85.12747192382812
2023-07-14,187.8916015625,432.8357849121094,281.3800048828125,39.29772186279297,64.91879272460938,36.99378204345703,32.66342544555664,104.01700592041016,86.26842498779297,68.46638488769531,35.01523208618164,30.541851043701172,125.24492645263672,85.3470230102539
2023-07-17,191.14317321777344,434.3385925292969,290.3800048828125,39.33548355102539,64.68678283691406,36.921112060546875,32.9781379699707,104.4096450805664,87.37132263183594,68.26361846923828,34.717342376708984,30.190067291259766,124.67436218261719,85.6934585571289
2023-07-18,190.88694763183594,437.5660095214844,293.3399963378906,39.64227294921875,65.13148498535156,37.29354476928711,33.350074768066406,104.9938735961914,88.36151123046875,68.18986511230469,34.42848205566406,29.957063674926758,125.59680938720703,86.04476928710938
2023-07-19,192.23690795898438,438.5390930175781,291.260009765625,39.42988586425781,65.3151626586914,37.51155471801758,33.49311828613281,104.94598388671875,88.14093017578125,68.88117218017578,34.8076171875,30.263164520263672,126.17688751220703,86.3472671508789
2023-07-20,190.29579162597656,435.62957763671875,262.8999938964844,39.52427291870117,64.01969909667969,37.95212173461914,33.741085052490234,105.41524505615234,86.38114166259766,69.47108459472656,34.69026565551758,30.815975189208984,128.26910400390625,83.40509033203125
2023-07-21,189.12322998046875,435.62957763671875,260.0199890136719,39.52899169921875,63.38162612915039,38.28822326660156,33.62664794921875,104.9172592163086,86.3370361328125,69.71072387695312,34.84372329711914,31.27741813659668,129.56243896484375,83.42462158203125
2023-07-24,189.92137145996094,437.5757141113281,269.05999755859375,39.65170669555664,63.49763870239258,38.90592956542969,33.950889587402344,105.15668487548828,86.4889907836914,69.97804260253906,35.17771911621094,31.195180892944336,129.2771453857422,83.97109985351562
2023-07-25,190.77857971191406,438.7702941894531,265.2799987792969,40.364418029785156,63.700653076171875,39.11030578613281,33.73154067993164,105.02261352539062,87.47917938232422,69.95960235595703,34.91592788696289,31.25000762939453,129.2200927734375,83.77592468261719
2023-07-26,191.6456756591797,438.83770751953125,264.3500061035156,40.2275390625,64.69642639160156,39.12392807006836,33.931819915771484,105.76002502441406,86.30271911621094,70.04256439208984,35.04230880737305,31.25000762939453,129.1344757080078,83.75641632080078
2023-07-27,190.38446044921875,435.9282531738281,255.7100067138672,39.96794509887695,65.23782348632812,38.87412643432617,33.502662658691406,104.85022735595703,86.05271911621094,69.42500305175781,34.3021125793457,30.69719123840332,128.18350219726562,82.8879165649414
2023-07-28,192.95619201660156,440.1960754394531,266.44000244140625,40.24641799926758,66.52364349365234,38.992218017578125,33.56942367553711,105.50146484375,87.2242660522461,70.14395141601562,34.20280838012695,30.628660202026367,128.56387329101562,84.29309844970703
2023-07-31,193.56707763671875,441.0343017578125,267.42999267578125,40.45881652832031,66.50431060791016,39.73255157470703,33.69340896606445,105.75045776367188,87.42525482177734,69.82133483886719,34.47361755371094,30.642366409301758,127.57484436035156,84.77128601074219
2023-08-01,192.7393798828125,439.7721862792969,261.07000732421875,40.279449462890625,66.41727447509766,39.54633331298828,33.69340896606445,106.0665054321289,87.57230377197266,69.44343566894531,34.41042709350586,30.267730712890625,126.9091567993164,83.81007385253906
2023-08-02,189.7538604736328,433.6546630859375,254.11000061035156,39.77914810180664,65.17015075683594,39.02854919433594,33.40729522705078,104.95555114746094,85.40567779541016,69.69230651855469,34.26599884033203,30.267730712890625,126.99475860595703,82.30728149414062
2023-08-03,188.36453247070312,432.41180419921875,259.32000732421875,39.53370666503906,65.00580596923828,39.4236946105957,33.42636489868164,104.29474639892578,85.0576400756836,69.49872589111328,33.796600341796875,29.577856063842773,126.35760498046875,82.50245666503906
2023-08-04,179.31927490234375,430.45611572265625,253.86000061035156,39.44404220581055,64.86079406738281,39.47819900512695,33.29286193847656,103.66264343261719,83.90080261230469,68.80744171142578,33.462615966796875,29.23520278930664,125.91061401367188,83.7027359008789
2023-08-07,176.22535705566406,434.21343994140625,251.4499969482422,39.70362854003906,65.8662338256836,39.52361297607422,33.76015853881836,104.93640899658203,84.1360855102539,69.36969757080078,33.88687515258789,29.23063850402832,127.36565399169922,84.56147003173828
2023-08-08,177.161376953125,432.3251647949219,249.6999969482422,39.283565521240234,65.68254852294922,39.718929290771484,33.454986572265625,104.45756530761719,83.4890365600586,68.87195587158203,33.71535873413086,29.367694854736328,128.34515380859375,83.88813781738281
2023-08-09,175.5750274658203,429.4349365234375,242.19000244140625,39.12308883666992,64.976806640625,40.21853256225586,33.20702362060547,104.40007019042969,82.41061401367188,68.97335052490234,33.796600341796875,29.431657791137695,128.30712890625,82.89279174804688
2023-08-10,175.35824584960938,429.58905029296875,245.33999633789062,39.15140151977539,65.19916534423828,40.2139892578125,33.235633850097656,104.11277770996094,82.42042541503906,68.83509826660156,33.68827438354492,29.340290069580078,128.22152709960938,83.09283447265625
2023-08-11,175.41741943359375,429.338623046875,242.64999389648438,39.042850494384766,64.88978576660156,40.83169174194336,33.30239486694336,104.28517150878906,81.81257629394531,68.9457015991211,33.751468658447266,29.50019073486328,129.02037048339844,82.80984497070312
2023-08-14,177.06517028808594,431.7085266113281,239.75999450683594,39.1278076171875,65.36351776123047,40.65909194946289,33.235633850097656,104.323486328125,83.11649322509766,68.60465240478516,33.57093811035156,29.26718521118164,129.4102783203125,83.06355285644531
2023-08-15,175.0819854736328,426.6795654296875,232.9600067138672,38.49062728881836,64.783447265625,39.81429672241211,32.625282287597656,102.99224853515625,82.2978744506836,67.86726379394531,33.22791290283203,28.792041778564453,128.93478393554688,81.93158721923828
2023-08-16,174.21376037597656,423.5485534667969,225.60000610351562,38.23102951049805,64.01001739501953,39.4691162109375,32.57759475708008,102.4176254272461,81.51358032226562,67.71058654785156,32.82170104980469,28.919965744018555,127.95524597167969,80.91671752929688
2023-08-17,171.67803955078125,420.3211975097656,219.22000122070312,38.15550231933594,63.275264739990234,39.94147491455078,32.41547775268555,101.55567932128906,80.73908233642578,67.05615234375,32.577972412109375,28.856002807617188,126.93769836425781,79.545654296875
2023-08-18,172.16151428222656,420.5234680175781,215.49000549316406,38.150794982910156,62.89824295043945,40.33662033081055,32.40593338012695,101.74723815917969,80.86162567138672,67.30500030517578,32.668243408203125,29.00676918029785,126.98523712158203,79.36511993408203
2023-08-21,173.4934844970703,423.259521484375,231.27999877929688,38.15550231933594,63.35261154174805,40.082275390625,32.36779022216797,101.62272644042969,82.40573120117188,66.85334777832031,32.38842010498047,28.824020385742188,127.11839294433594,80.27752685546875
2023-08-22,174.86495971679688,422.1130676269531,233.19000244140625,38.122467041015625,63.35261154174805,39.77342987060547,32.0626106262207,101.38329315185547,82.31259155273438,66.47544860839844,32.48771286010742,28.906253814697266,126.6714096069336,80.39463806152344
2023-08-23,178.70301818847656,426.8144836425781,236.86000061035156,38.1838264465332,64.37738800048828,39.67350387573242,32.3773307800293,102.42720031738281,83.79784393310547,66.9178695678711,32.96613311767578,29.020479202270508,127.05183410644531,81.03868865966797
2023-08-24,174.0262908935547,420.89923095703125,230.0399932861328,38.02334976196289,63.139923095703125,39.4009895324707,32.26288986206055,101.18218231201172,81.86650848388672,66.38327026367188,32.81267166137695,28.851430892944336,125.94869232177734,79.45294189453125
2023-08-25,176.22653198242188,423.86651611328125,238.58999633789062,38.136634826660156,63.207603454589844,39.78251266479492,32.41547775268555,102.03455352783203,82.69981384277344,66.75196838378906,32.90294647216797,29.070730209350586,126.8711166381836,80.34097290039062
2023-08-28,177.78543090820312,426.5544128417969,238.82000732421875,38.41510009765625,63.981021881103516,40.050479888916016,32.59667205810547,102.86774444580078,83.37630462646484,67.05615234375,33.16471862792969,29.066162109375,127.16593933105469,80.66299438476562
2023-08-29,181.66297912597656,432.7201232910156,257.17999267578125,39.05228805541992,65.40218353271484,40.15948486328125,32.89231491088867,103.65309143066406,85.04783630371094,67.2957992553711,33.54384994506836,29.175811767578125,128.30712890625,82.67809295654297
2023-08-30,185.14588928222656,434.5024108886719,256.8999938964844,39.141963958740234,65.41183471679688,40.35933303833008,32.911376953125,104.12235260009766,85.68997955322266,67.40640258789062,33.66120147705078,29.04332160949707,128.2120361328125,83.03428649902344
2023-08-31,185.36294555664062,433.8665466308594,258.0799865722656,39.12308883666992,65.4795150756836,40.38658142089844,32.78739929199219,103.65309143066406,86.10664367675781,67.06535339355469,33.417476654052734,28.764629364013672,126.680908203125,83.29288482666016
2023-09-01,186.93173217773438,434.67584228515625,245.00999450683594,39.56203842163086,64.87042999267578,41.21320724487305,33.083045959472656,104.198974609375,86.37134552001953,66.493896484375,33.39942169189453,28.61842918395996,127.02330017089844,82.78543853759766
2023-09-05,187.16851806640625,432.79718017578125,256.489990234375,38.83045959472656,64.86079406738281,41.431217193603516,32.749263763427734,102.44635009765625,86.68017578125,65.92240142822266,33.065425872802734,28.179832458496094,125.7109146118164,82.843994140625
2023-09-06,180.46913146972656,429.8877258300781,251.9199981689453,38.74549102783203,64.65776062011719,41.44939422607422,32.730186462402344,102.00581359863281,85.76350402832031,65.8486557006836,33.00223922729492,28.243791580200195,125.02620697021484,82.10722351074219
2023-09-07,175.19052124023438,428.56787109375,251.49000549316406,38.57085418701172,64.54174041748047,41.408504486083984,32.644351959228516,101.67059326171875,84.52333068847656,66.00535583496094,33.27304458618164,28.613861083984375,125.58727264404297,82.33655548095703
2023-09-08,175.80226135253906,429.21337890625,248.5,38.60860824584961,64.73509979248047,41.808197021484375,32.71111297607422,101.16302490234375,84.69979858398438,66.08831787109375,33.056396484375,28.86513900756836,125.58727264404297,82.33655548095703
2023-09-11,176.9664764404297,432.03607177734375,273.5799865722656,38.773807525634766,65.7115478515625,41.25862503051758,32.86370849609375,101.19175720214844,85.1409683227539,66.65979766845703,33.07445526123047,28.983922958374023,126.45270538330078,84.55171966552734
2023-09-12,173.94732666015625,429.6661682128906,267.4800109863281,38.684139251708984,65.02513122558594,42.230594635009766,33.083045959472656,100.82781982421875,83.59685516357422,66.08831787109375,33.07445526123047,29.020479202270508,126.29103088378906,83.78569030761719
2023-09-13,171.88522338867188,430.1670837402344,271.29998779296875,38.45758056640625,65.23782348632812,41.91265869140625,33.083045959472656,100.15742492675781,83.80765533447266,66.29110717773438,32.74045944213867,29.367694854736328,126.31005096435547,84.44924926757812
2023-09-14,173.3948516845703,433.87615966796875,276.0400085449219,39.00037384033203,66.1465835571289,42.40318298339844,33.388221740722656,101.14385986328125,84.41547393798828,66.96395874023438,33.336238861083984,29.797155380249023,126.70948791503906,85.27872467041016
2023-09-15,172.674560546875,428.648681640625,274.3900146484375,38.566139221191406,65.26683807373047,41.790035247802734,33.21656036376953,100.55967712402344,82.79296875,66.41091918945312,33.20985794067383,29.66923713684082,125.7109146118164,83.81983947753906
2023-09-18,175.59506225585938,428.90008544921875,265.2799987792969,38.40583801269531,65.31333923339844,42.144168853759766,33.30756378173828,100.67121887207031,83.19086456298828,66.38772583007812,32.91960144042969,29.647125244140625,125.51994323730469,82.90825653076172
2023-09-19,176.68040466308594,428.0105895996094,266.5,38.372642517089844,65.36180877685547,41.75068664550781,33.269248962402344,100.24811553955078,83.14665985107422,66.22996520996094,32.74673080444336,29.485923767089844,125.62498474121094,82.49276733398438
2023-09-20,173.14816284179688,424.0758056640625,262.5899963378906,37.969512939453125,64.47015380859375,41.361778259277344,33.03934860229492,99.85382843017578,81.83997344970703,66.294921875,32.810420989990234,29.51355743408203,125.63452911376953,81.67162322998047
2023-09-21,171.60897827148438,417.0664978027344,255.6999969482422,37.20594787597656,63.675418853759766,40.79441452026367,32.49331283569336,98.21910095214844,80.59222412109375,65.44117736816406,31.673063278198242,29.204971313476562,124.53640747070312,79.44273376464844
2023-09-22,172.45745849609375,416.12872314453125,244.8800048828125,37.16801452636719,63.597896575927734,40.8630485534668,32.24425506591797,97.8825454711914,80.76416015625,65.08855438232422,31.454689025878906,29.149709701538086,124.27859497070312,78.66065979003906
2023-09-25,173.73028564453125,417.87860107421875,246.99000549316406,37.46205139160156,63.752960205078125,41.375492095947266,32.32088851928711,98.37296295166016,81.02452087402344,64.85657501220703,31.400096893310547,29.108251571655273,124.95657348632812,79.14458465576172
2023-09-26,169.66529846191406,411.73944091796875,244.1199951171875,36.92139434814453,63.04545211791992,41.137569427490234,31.889816284179688,96.87284851074219,79.5655517578125,64.37401580810547,30.845064163208008,28.237773895263672,123.89661407470703,77.70265197753906
2023-09-27,168.15565490722656,411.90374755859375,240.5,36.91664123535156,63.21021270751953,42.162471771240234,31.841917037963867,97.59405517578125,79.6883544921875,63.845062255859375,30.572099685668945,27.694293975830078,123.27595520019531,77.40450286865234
2023-09-28,168.41221618652344,414.2917785644531,246.3800048828125,37.31502914428711,63.90803146362305,42.20822525024414,32.07182693481445,98.00756072998047,80.25328063964844,64.03994750976562,30.890565872192383,27.095548629760742,123.86799621582031,78.26964569091797
2023-09-29,168.9252471923828,413.28631591796875,250.22000122070312,37.25337219238281,63.54941940307617,41.357200622558594,31.77486228942871,97.48828125,80.52835083007812,63.85434341430664,30.99974822998047,27.141603469848633,122.93220520019531,78.68512725830078
2023-10-02,171.43136596679688,413.1219482421875,251.60000610351562,36.76014709472656,64.02430725097656,40.53361892700195,31.506637573242188,96.5362777709961,81.39293670654297,63.418182373046875,30.43562126159668,25.8796329498291,122.76032257080078,78.74867248535156
2023-10-03,170.09938049316406,407.59185791015625,246.52999877929688,36.66054916381836,63.16175079345703,40.506160736083984,31.008506774902344,95.8631591796875,80.01256561279297,62.96348571777344,29.880592346191406,26.179006576538086,121.67173767089844,76.83261108398438
2023-10-04,171.34259033203125,410.5599365234375,261.1600036621094,37.092132568359375,63.76265335083008,39.23419952392578,31.238418579101562,96.1708755493164,81.00977325439453,63.46458435058594,30.199050903320312,26.151371002197266,122.1873779296875,78.34786224365234
2023-10-05,172.57591247558594,410.4052429199219,260.04998779296875,36.641578674316406,63.675418853759766,38.99170684814453,31.382102966308594,95.603515625,81.11785125732422,62.21180725097656,30.417428970336914,25.999380111694336,122.85580444335938,77.95683288574219
2023-10-06,175.1214599609375,415.2779235839844,260.5299987792969,36.987789154052734,64.84815216064453,39.22505187988281,31.65032958984375,96.91131591796875,82.6357650756836,61.86845397949219,30.535707473754883,26.367839813232422,124.1448974609375,78.5042724609375
2023-10-09,176.6014404296875,417.9366149902344,259.6700134277344,37.035213470458984,65.54595184326172,40.53361892700195,31.669496536254883,98.43065643310547,83.06314086914062,61.92414474487305,30.936059951782227,26.630367279052734,124.57462310791016,78.58735656738281
2023-10-10,176.0094757080078,420.1119689941406,263.6199951171875,37.42885971069336,65.92394256591797,40.58395004272461,31.89938735961914,99.02685546875,83.19086456298828,62.5551643371582,31.045238494873047,26.994220733642578,125.1666488647461,79.44763946533203
2023-10-11,177.40061950683594,421.832763671875,262.989990234375,37.51896667480469,66.52481842041016,40.062355041503906,31.947298049926758,99.6230697631836,83.96210479736328,62.128299713134766,31.673063278198242,27.431764602661133,124.61280059814453,79.73112487792969
2023-10-12,178.29849243164062,419.2611389160156,258.8699951171875,36.9593391418457,65.73979949951172,40.10810089111328,31.746118545532227,98.71914672851562,84.04070281982422,61.450870513916016,31.254518508911133,27.008039474487305,123.54334259033203,78.861083984375
2023-10-13,176.46331787109375,417.17279052734375,251.1199951171875,36.82179641723633,65.00321960449219,40.99116134643555,31.813180923461914,97.84407806396484,82.83718872070312,61.989112854003906,31.24541664123535,27.312013626098633,124.3167724609375,77.70265197753906
2023-10-16,176.33505249023438,421.5620422363281,253.9199981689453,37.1822395324707,66.0499267578125,41.26568603515625,32.14845275878906,98.88262176513672,83.63296508789062,62.6294059753418,31.56386947631836,27.59296417236328,125.2525863647461,78.95883178710938
2023-10-17,174.78599548339844,421.542724609375,254.85000610351562,37.547420501708984,66.28253173828125,41.695777893066406,32.30173110961914,99.19033813476562,83.24490356445312,62.89852523803711,31.400096893310547,27.51927375793457,125.08071899414062,79.14458465576172
2023-10-18,173.4934844970703,415.9256591796875,242.67999267578125,36.5751838684082,65.1388931274414,42.075531005859375,31.746118545532227,96.79591369628906,82.39014434814453,63.130516052246094,30.70858383178711,27.27977752685547,123.99214172363281,77.28719329833984
2023-10-19,173.11856079101562,412.27117919921875,220.11000061035156,36.14834976196289,65.07105255126953,42.00232696533203,31.324630737304688,95.90161895751953,81.91856384277344,62.66651916503906,29.953380584716797,27.008039474487305,122.76988983154297,75.31246948242188
2023-10-20,170.57298278808594,407.20513916015625,211.99000549316406,35.71202087402344,64.47015380859375,41.2977180480957,30.845659255981445,94.9111557006836,80.53326416015625,62.42524719238281,29.798702239990234,26.727087020874023,122.28289031982422,74.14427947998047
2023-10-23,170.69137573242188,406.4993896484375,212.0800018310547,35.31364059448242,64.80937194824219,40.629703521728516,30.654071807861328,94.46882629394531,80.62661743164062,62.30461120605469,29.543933868408203,26.501405715942383,121.51897430419922,74.23226928710938
2023-10-24,171.12550354003906,409.5641784667969,216.52000427246094,35.73099136352539,65.57501220703125,40.057777404785156,30.864818572998047,95.18040466308594,81.18170928955078,62.83354949951172,29.916988372802734,27.183055877685547,121.89137268066406,75.02410888671875
2023-10-25,168.81674194335938,403.6860046386719,212.4199981689453,35.31364059448242,62.73531723022461,39.98457336425781,30.749866485595703,93.95916748046875,80.22379302978516,63.04698944091797,29.289165496826172,27.33504295349121,120.80281066894531,73.50884246826172
2023-10-26,164.66290283203125,398.85198974609375,205.75999450683594,35.56026077270508,61.3687629699707,39.673439025878906,30.68280792236328,93.56491088867188,78.69115447998047,62.63868713378906,29.907886505126953,27.56993865966797,119.60919189453125,72.36018371582031
2023-10-27,165.9751739501953,397.0441589355469,207.3000030517578,35.5460319519043,61.14585494995117,38.72175216674805,30.127206802368164,92.73792266845703,79.14798736572266,61.78494644165039,29.434749603271484,27.049489974975586,117.5848388671875,73.11781311035156
2023-10-30,168.01751708984375,401.7910461425781,197.36000061035156,35.91122055053711,62.40578842163086,38.84987258911133,30.66364860534668,93.89186096191406,79.99783325195312,62.750057220458984,29.52573585510254,27.25674819946289,118.24369812011719,73.7874526977539
2023-10-31,168.49111938476562,404.314453125,200.83999633789062,36.07246398925781,62.72562789916992,38.97797775268555,30.998933792114258,94.58421325683594,80.56767272949219,62.972755432128906,30.117158889770508,27.49163818359375,118.92167663574219,74.34468841552734
2023-11-01,171.64845275878906,408.6263427734375,205.66000366210938,36.0914306640625,63.64634704589844,38.886470794677734,31.20009994506836,94.89192199707031,82.12488555908203,62.907806396484375,30.271846771240234,27.804828643798828,119.16996002197266,75.26359558105469
2023-11-02,175.20042419433594,416.4574279785156,218.50999450683594,36.788597106933594,64.48954772949219,40.062355041503906,31.937715530395508,96.84398651123047,83.51508331298828,63.72442626953125,31.209016799926758,28.325279235839844,121.06063079833984,77.22852325439453
2023-11-03,174.2926788330078,420.25689697265625,219.9600067138672,37.3671989440918,65.47811126708984,39.65971374511719,32.35920333862305,97.69984436035156,84.37474822998047,63.79865646362305,31.946025848388672,28.491085052490234,121.6622085571289,78.31364440917969
2023-11-06,176.83822631835938,421.2237243652344,219.27000427246094,37.1822395324707,65.30365753173828,39.21132278442383,32.26340866088867,97.44020080566406,84.92985534667969,63.90073013305664,31.509288787841797,28.417390823364258,122.4738540649414,78.41140747070312
2023-11-07,179.3936767578125,422.4225158691406,222.17999267578125,36.46135711669922,65.65257263183594,38.34199523925781,32.215511322021484,97.1998062133789,85.8582763671875,64.0584945678711,31.24541664123535,28.210134506225586,122.5597915649414,79.28634643554688
2023-11-08,180.44937133789062,422.7319030761719,222.11000061035156,36.5751838684082,65.3424301147461,37.861576080322266,32.25383377075195,97.42095947265625,86.3446044921875,63.80796432495117,31.427398681640625,28.002878189086914,122.3879165649414,79.0761489868164
2023-11-09,179.97581481933594,419.43511962890625,209.97999572753906,36.26216506958008,65.32303619384766,37.747188568115234,32.11972427368164,97.20941162109375,85.94178771972656,63.54811477661133,30.945152282714844,27.63442039489746,119.85746002197266,77.60000610351562
2023-11-10,184.15484619140625,425.9803466796875,214.64999389648438,36.68899917602539,66.36006164550781,38.163551330566406,32.48373794555664,98.61337280273438,88.1867446899414,63.99353790283203,31.290912628173828,27.78179931640625,120.57361602783203,78.89039611816406
2023-11-13,182.57411193847656,425.5742492675781,223.7100067138672,36.6368408203125,66.21468353271484,38.438072204589844,32.43584060668945,98.69991302490234,87.67094421386719,64.19769287109375,31.027042388916016,27.450183868408203,121.27069091796875,79.22766876220703
2023-11-14,185.18234252929688,433.8306884765625,237.41000366210938,37.71815490722656,67.29048156738281,38.7812385559082,33.04892349243164,100.68082427978516,89.42465209960938,64.85657501220703,32.701229095458984,28.546354293823242,122.0918960571289,81.8964614868164
2023-11-15,185.74546813964844,434.7491760253906,242.83999633789062,37.88414764404297,67.62000274658203,38.708030700683594,33.23093032836914,100.89239501953125,89.53765106201172,65.37622833251953,32.77402114868164,28.458847045898438,122.1873779296875,81.99420166015625
2023-11-16,187.42498779296875,435.2809753417969,233.58999633789062,37.99797439575195,67.92044830322266,37.95307540893555,33.36503982543945,100.91162109375,89.98465728759766,64.56889343261719,32.76492691040039,28.610836029052734,122.71257781982422,81.15349578857422
2023-11-17,187.40525817871094,435.8223876953125,234.3000030517578,38.06910705566406,67.91075897216797,38.749210357666016,33.53746795654297,101.55587768554688,89.79800415039062,64.48535919189453,32.7285270690918,28.689130783081055,122.46430206298828,81.69605255126953
2023-11-20,189.14402770996094,439.1771240234375,235.60000610351562,38.1355094909668,68.6764144897461,38.804107666015625,33.67158126831055,101.86360931396484,91.09976959228516,64.43897247314453,32.98329544067383,28.601619720458984,123.20912170410156,82.11640930175781
2023-11-21,188.3437957763672,438.2200012207031,241.1999969482422,38.28252410888672,68.44383239746094,38.71717834472656,33.65242004394531,101.78668975830078,90.36292266845703,64.63385772705078,32.819515228271484,28.6614933013916,123.95391845703125,81.90624237060547
2023-11-22,189.00570678710938,439.911865234375,234.2100067138672,38.306243896484375,69.00594329833984,38.698883056640625,33.78654098510742,102.00787353515625,90.76573181152344,65.09782409667969,32.91960144042969,28.79966926574707,124.54596710205078,82.15550994873047
2023-11-24,187.68186950683594,440.1825866699219,235.4499969482422,38.472232818603516,68.77333068847656,38.8590202331543,33.89191436767578,102.25786590576172,90.5888900756836,65.339111328125,33.04698181152344,28.873361587524414,125.21438598632812,82.23371887207031
2023-11-27,187.50401306152344,439.38983154296875,236.0800018310547,38.424808502197266,68.3469009399414,38.72175216674805,33.77695846557617,101.680908203125,90.58397674560547,65.15351104736328,33.16527557373047,28.919418334960938,124.4313735961914,82.3656997680664
2023-11-28,188.10665893554688,439.8249206542969,246.72000122070312,38.500694274902344,68.51166534423828,38.73090744018555,33.76737594604492,101.44051361083984,90.75591278076172,65.45047760009766,33.347251892089844,29.011533737182617,123.79158782958984,82.83981323242188
2023-11-29,187.0890655517578,439.5155029296875,244.13999938964844,38.69988250732422,68.01737213134766,38.442657470703125,34.006858825683594,101.82514953613281,90.8246841430664,64.9215316772461,33.60202407836914,28.781246185302734,123.82977294921875,82.6149673461914
2023-11-30,187.66207885742188,441.24609375,240.0800018310547,39.08403015136719,67.62000274658203,38.698883056640625,34.390037536621094,102.94062042236328,90.95732116699219,65.57110595703125,33.87498092651367,28.90559959411621,125.38626098632812,82.49766540527344
2023-12-01,188.9365692138672,443.8564758300781,238.8300018310547,39.529842376708984,67.75569915771484,38.90018844604492,34.648677825927734,104.56575012207031,91.16362762451172,65.8402099609375,34.584693908691406,29.26024055480957,125.8827896118164,83.62677764892578
2023-12-04,187.1483612060547,441.5264587402344,235.5800018310547,39.06980514526367,67.07726287841797,38.72175216674805,34.6103630065918,104.73884582519531,90.05345153808594,65.92374420166016,34.7757682800293,29.145097732543945,126.12152862548828,83.30904388427734
2023-12-05,191.0902862548828,441.4394226074219,238.72000122070312,38.53388977050781,66.7671127319336,38.044586181640625,34.437931060791016,103.89262390136719,90.59381103515625,65.4040756225586,34.63019561767578,28.937841415405273,125.95918273925781,83.45568084716797
2023-12-06,190.00352478027344,439.6605224609375,239.3699951171875,38.45326232910156,66.5926742553711,37.47724533081055,34.265506744384766,104.35419464111328,89.82747650146484,65.2370376586914,34.51190185546875,29.324722290039062,126.0546875,83.577880859375
2023-12-07,191.93006896972656,443.01531982421875,242.63999938964844,38.714111328125,67.9883041381836,37.22101974487305,34.42835235595703,104.45035552978516,90.91800689697266,65.51542663574219,34.55739212036133,29.26024055480957,125.90190887451172,84.2670669555664
2023-12-08,193.3527374267578,444.919921875,243.83999633789062,38.85638427734375,68.30814361572266,37.623653411865234,34.6103630065918,104.77731323242188,91.69416809082031,65.06072235107422,34.48461151123047,29.204971313476562,126.11197662353516,84.65322875976562
2023-12-11,190.85316467285156,446.65045166015625,239.74000549316406,39.1314582824707,67.78475189208984,37.669410705566406,34.821109771728516,105.77737426757812,92.494873046875,65.6824722290039,34.60288619995117,29.39380645751953,126.94273376464844,84.87805938720703
2023-12-12,192.36476135253906,448.6904296875,237.00999450683594,39.35910415649414,68.06584167480469,37.152381896972656,35.07017135620117,106.25818634033203,93.10891723632812,65.89588928222656,34.59379196166992,29.274057388305664,127.48701477050781,85.14200592041016
2023-12-13,195.5756072998047,454.8779296875,239.2899932861328,39.838111877441406,68.70549011230469,37.669410705566406,35.63536071777344,107.44098663330078,93.9292984008789,67.09300231933594,35.849430084228516,30.379436492919922,129.8360595703125,86.25645446777344
2023-12-14,195.7238006591797,456.3378601074219,251.0500030517578,40.49733352661133,69.00594329833984,38.77666473388672,35.98979187011719,108.82569122314453,93.69841003417969,66.10933685302734,36.841209411621094,29.98334503173828,129.20584106445312,87.41487121582031
2023-12-15,195.19033813476562,455.58636474609375,253.5,40.39299774169922,68.83148193359375,38.57076644897461,35.779048919677734,108.68145751953125,94.16999816894531,66.10933685302734,36.39535903930664,29.4628963470459,128.10772705078125,87.5957260131836
2023-12-18,193.53054809570312,458.1491394042969,252.0800018310547,40.45555877685547,69.68063354492188,38.88581466674805,35.89842224121094,108.67662048339844,94.45161437988281,66.79750061035156,36.295135498046875,29.396413803100586,128.3167724609375,88.13925170898438
2023-12-19,194.56790161132812,460.93511962890625,257.2200012207031,40.828067779541016,70.38988494873047,39.352359771728516,36.16796875,109.51776885986328,94.81100463867188,66.92842102050781,36.54340744018555,29.563777923583984,129.18002319335938,88.82968139648438
2023-12-20,192.4833221435547,454.5477600097656,247.13999938964844,40.20244216918945,69.84577941894531,38.9874267578125,35.522979736328125,107.74840545654297,93.37834930419922,65.62874603271484,36.08363723754883,28.96404457092285,127.30965423583984,87.20890808105469
2023-12-21,192.3351287841797,458.8577575683594,254.5,40.62748718261719,70.53560638427734,39.13987350463867,35.86953353881836,108.86031341552734,94.42698669433594,66.08688354492188,36.387088775634766,29.01518440246582,128.86351013183594,88.53588104248047
2023-12-22,191.2681121826172,459.7799377441406,252.5399932861328,40.8806037902832,70.54531860351562,39.25535583496094,35.946556091308594,109.38243103027344,94.5500717163086,66.591796875,36.534210205078125,29.112817764282227,129.50613403320312,87.88462829589844
2023-12-26,190.72474670410156,461.7213134765625,256.6099853515625,41.07164001464844,70.81735229492188,39.59257125854492,36.090965270996094,110.15592956542969,94.94393157958984,66.87229919433594,36.80088806152344,29.28948402404785,129.79393005371094,88.25678253173828
2023-12-27,190.8235626220703,462.5561828613281,261.44000244140625,41.171932220458984,70.82708740234375,39.417030334472656,36.206478118896484,110.32030487060547,94.93899536132812,67.18086242675781,37.012386322021484,29.270885467529297,130.34063720703125,88.56037139892578
2023-12-28,191.24838256835938,462.73089599609375,253.17999267578125,41.01432800292969,71.02139282226562,38.81652069091797,36.3123779296875,110.34929656982422,95.05225372314453,67.20891571044922,37.242279052734375,29.480093002319336,130.67633056640625,88.10008239746094
2023-12-29,190.21102905273438,461.391357421875,248.47999572753906,40.851951599121094,70.59390258789062,38.7287483215332,36.19685363769531,110.21393585205078,94.76176452636719,67.34915924072266,36.83767318725586,29.442903518676758,130.8106231689453,87.55654907226562
2024-01-02,183.4039764404297,458.8092346191406,248.4199981689453,40.780311584472656,70.19554901123047,39.14448928833008,36.35087966918945,109.1020278930664,92.28047943115234,68.10652923583984,37.17790985107422,29.870622634887695,133.1125946044922,86.74371337890625
2024-01-03,182.03074645996094,455.0622253417969,238.4499969482422,40.3409423828125,69.93324279785156,39.78196334838867,36.042823791503906,107.47769165039062,91.34014892578125,67.57356262207031,36.295135498046875,29.98220443725586,132.89199829101562,84.99071502685547
2024-01-04,179.71893310546875,453.5964660644531,237.92999267578125,40.21199417114258,69.7000503540039,39.084434509277344,36.18722915649414,107.61304473876953,90.67058563232422,67.48006439208984,36.20316696166992,29.88922119140625,133.55384826660156,84.3933334350586
2024-01-05,178.9977264404297,454.2177429199219,237.49000549316406,40.27885818481445,69.99153137207031,39.11677169799805,36.34126281738281,107.7387466430664,90.6459732055664,67.33047485351562,36.129608154296875,30.000795364379883,133.43870544433594,84.52554321289062
2024-01-08,183.324951171875,460.7021484375,240.4499969482422,40.45079040527344,71.07969665527344,38.6640739440918,36.57229995727539,108.44456481933594,92.9205093383789,67.82601928710938,36.62617111206055,30.219308853149414,134.61849975585938,85.96514892578125
2024-01-09,182.91004943847656,460.0032653808594,234.9600067138672,39.9875373840332,70.93394470214844,38.045082092285156,36.34126281738281,108.10615539550781,93.06817626953125,68.00367736816406,36.36868667602539,29.97290802001953,134.5993194580078,85.64688110351562
2024-01-10,183.94737243652344,462.6047668457031,233.94000244140625,39.935001373291016,71.5946273803711,37.67091751098633,36.39902114868164,108.65726470947266,93.86082458496094,67.86341857910156,36.423866271972656,29.96825408935547,135.21316528320312,86.33240509033203
2024-01-11,183.3546142578125,462.4008483886719,227.22000122070312,39.81561279296875,71.36141967773438,37.767921447753906,36.26424026489258,108.40589904785156,94.33837127685547,67.85408020019531,36.08363723754883,29.270885467529297,135.11721801757812,86.21977233886719
2024-01-12,183.68064880371094,462.72119140625,218.88999938964844,39.85381317138672,71.7112045288086,38.19289779663086,36.19685363769531,108.3962173461914,94.64362335205078,68.06912994384766,36.3594970703125,29.438257217407227,134.7815399169922,85.18170166015625
2024-01-16,181.418212890625,461.0224914550781,219.91000366210938,39.39533996582031,71.30314636230469,37.28287887573242,35.946556091308594,107.30365753173828,94.87992095947266,67.69512176513672,36.138797760009766,29.11746597290039,133.97586059570312,85.0837631225586
2024-01-17,180.4796600341797,458.45977783203125,215.5500030517578,39.10879135131836,70.8659439086914,36.973388671875,35.87916564941406,106.57850646972656,94.4122314453125,67.64835357666016,35.47671890258789,28.69439697265625,133.70726013183594,84.3394775390625
2024-01-18,186.3579864501953,462.5367431640625,211.8800048828125,39.23296356201172,71.73064422607422,36.913333892822266,35.93693923950195,108.01914978027344,96.32736206054688,67.56421661376953,35.246826171875,28.387556076049805,133.6880645751953,84.8193588256836
2024-01-19,189.252685546875,468.3027648925781,212.19000244140625,39.27117156982422,72.70220184326172,37.03343200683594,36.51454162597656,108.72496032714844,98.54772186279297,67.36786651611328,35.587066650390625,28.350360870361328,133.76483154296875,85.63707733154297
2024-01-22,191.5546417236328,469.2929992675781,208.8000030517578,39.38579177856445,72.84793090820312,37.17202377319336,36.68782424926758,109.56614685058594,98.98095703125,67.04061126708984,35.752586364746094,28.206235885620117,134.34991455078125,85.26002502441406
2024-01-23,192.82911682128906,470.6616516113281,209.13999938964844,39.51473617553711,73.56689453125,37.250553131103516,36.745582580566406,109.47911834716797,99.3797378540039,67.7699203491211,35.559478759765625,28.257375717163086,134.25399780273438,85.05437469482422
2024-01-24,192.1573028564453,471.1761474609375,207.8300018310547,38.979854583740234,74.02352142333984,37.78178024291992,36.88998794555664,108.80230712890625,100.0640640258789,66.93775177001953,35.07210922241211,27.871498107910156,133.02626037597656,84.73119354248047
2024-01-25,191.83123779296875,473.73883056640625,182.6300048828125,39.39057159423828,75.22826385498047,38.631744384765625,37.07289505004883,109.84654235839844,100.48252868652344,67.5829086303711,35.5502815246582,28.37360382080078,132.8248748779297,83.68331909179688
2024-01-26,190.1023406982422,473.136962890625,183.25,39.40489196777344,75.47116088867188,38.91814422607422,37.207672119140625,109.6724853515625,99.32556915283203,67.9101791381836,35.393959045410156,28.457292556762695,133.58258056640625,84.06525421142578
2024-01-29,189.420654296875,476.8839416503906,190.92999267578125,39.60070037841797,76.10267639160156,38.86270523071289,37.30393981933594,110.38797760009766,100.23638916015625,68.3028793334961,35.65143585205078,28.638607025146484,134.5225830078125,85.2943115234375
2024-01-30,185.7751007080078,476.5151062011719,191.58999633789062,39.78218078613281,75.5877456665039,39.26459503173828,37.775657653808594,110.42666625976562,99.40927124023438,68.68624114990234,35.320396423339844,28.629310607910156,134.82949829101562,85.24534606933594
2024-01-31,182.17892456054688,468.7396545410156,187.2899932861328,39.261619567871094,73.72233581542969,38.53010940551758,37.313560485839844,109.15037536621094,97.32183074951172,68.18132781982422,35.06291580200195,28.568870544433594,134.64727783203125,83.69312286376953
2024-02-01,184.60931396484375,474.8746032714844,188.86000061035156,39.915897369384766,74.48017120361328,38.52549743652344,37.37133026123047,111.00678253173828,98.54772186279297,69.57450103759766,35.67901611328125,29.112817764282227,136.39292907714844,85.30411529541016
2024-02-02,183.61146545410156,479.873779296875,187.91000366210938,39.681884765625,77.47257995605469,38.5809326171875,37.525360107421875,111.75127410888672,99.56681060791016,69.35008239746094,35.228431701660156,28.58746337890625,136.19154357910156,86.82696533203125
2024-02-05,185.41943359375,478.12646484375,181.05999755859375,38.67420196533203,76.38442993164062,38.48392105102539,37.30393981933594,111.14214324951172,99.79326629638672,68.91998291015625,34.529571533203125,27.99237632751465,136.61354064941406,85.60279083251953
2024-02-06,187.01991271972656,479.5146789550781,185.10000610351562,39.35713195800781,76.1512680053711,38.60865020751953,37.380958557128906,112.13802337646484,99.33543395996094,69.07893371582031,35.0537223815918,28.09465980529785,138.10023498535156,86.1218490600586
2024-02-07,187.12863159179688,483.5139465332031,187.5800018310547,39.672332763671875,76.53987884521484,38.68716812133789,37.660125732421875,112.88252258300781,100.64991760253906,69.01347351074219,35.035335540771484,28.113250732421875,138.4743194580078,87.08647155761719
2024-02-08,186.05174255371094,483.7275390625,189.55999755859375,39.61980056762695,76.83135223388672,39.084434509277344,37.51573181152344,112.90184783935547,100.96499633789062,68.99480438232422,35.228431701660156,27.913345336914062,138.23452758789062,87.46842956542969
2024-02-09,186.8134307861328,486.5232238769531,193.57000732421875,39.70576858520508,76.9188003540039,38.48392105102539,37.62162780761719,113.07587432861328,102.32379913330078,68.35897827148438,35.320396423339844,28.0202693939209,138.1290283203125,88.09027862548828
2024-02-12,185.1317596435547,486.30963134765625,188.1300048828125,40.020965576171875,77.16167449951172,38.90890884399414,37.794898986816406,113.2402572631836,101.54594421386719,68.84518432617188,35.210044860839844,28.3457088470459,138.31124877929688,88.01683807373047
2024-02-13,183.04452514648438,479.6116638183594,184.02000427246094,39.457435607910156,76.07353973388672,38.516258239746094,37.28468704223633,112.08000183105469,99.82280731201172,68.10652923583984,34.56635665893555,27.87614631652832,137.02598571777344,86.26383972167969
2024-02-14,182.16409301757812,483.9701843261719,188.7100067138672,39.71054458618164,77.28799438476562,38.47930145263672,37.64087677001953,113.95574188232422,100.86653900146484,67.97561645507812,34.796241760253906,28.029569625854492,138.21536254882812,87.17462158203125
2024-02-15,181.87725830078125,487.3094482421875,200.4499969482422,40.4603385925293,77.91950225830078,39.550994873046875,38.2858772277832,114.80658721923828,100.65483856201172,68.41506958007812,35.6330451965332,28.49913215637207,139.2224578857422,88.1833267211914
2024-02-16,180.34393310546875,484.8826904296875,199.9499969482422,40.67524719238281,76.70504760742188,39.527896881103516,38.15110397338867,114.12012481689453,99.72927856445312,68.51793670654297,35.26521301269531,28.46658706665039,139.6732940673828,87.65937805175781
2024-02-20,179.60203552246094,482.2132263183594,193.75999450683594,40.58928298950195,76.58846282958984,39.16758346557617,38.045204162597656,113.76235961914062,98.715087890625,69.2378921508789,35.210044860839844,28.447994232177734,139.20327758789062,86.83185577392578
2024-02-21,180.3538360595703,482.6500549316406,194.77000427246094,40.813743591308594,76.50101470947266,39.90206527709961,38.16072463989258,114.21678161621094,98.09477996826172,69.4903564453125,35.4675178527832,28.824567794799805,139.5102081298828,87.47331237792969
2024-02-22,182.38174438476562,492.63873291015625,197.41000366210938,41.22446060180664,77.64746856689453,39.97135543823242,38.60355758666992,115.62842559814453,101.30470275878906,69.7054214477539,35.559478759765625,28.60141372680664,141.15037536621094,89.17243957519531
2024-02-23,180.55169677734375,492.9784240722656,191.97000122070312,41.46803283691406,77.45315551757812,39.70805358886719,38.796104431152344,116.23757934570312,101.0683822631836,69.92046356201172,35.6054573059082,28.805971145629883,141.82179260253906,88.77091979980469
2024-02-26,179.20635986328125,491.1729431152344,199.39999389648438,41.21969223022461,76.32612609863281,39.84663009643555,38.60355758666992,116.06352996826172,101.1668472290039,69.63994598388672,35.20085144042969,28.238780975341797,141.0928497314453,89.0451431274414
2024-02-27,180.6605224609375,492.08538818359375,199.72999572753906,41.37251663208008,76.94794464111328,39.67572021484375,38.709449768066406,116.23757934570312,101.25546264648438,69.64929962158203,35.228431701660156,28.7734317779541,140.7475128173828,89.33893585205078
2024-02-28,179.46353149414062,491.4350280761719,202.0399932861328,41.5014533996582,76.42330169677734,39.59718704223633,38.85385513305664,116.63397979736328,100.77791595458984,69.7240982055664,35.67901611328125,28.861764907836914,140.04730224609375,89.69147491455078
2024-02-29,178.80076599121094,493.20166015625,201.8800048828125,41.8166618347168,77.10338592529297,39.79119873046875,38.83460235595703,116.99172973632812,101.90040588378906,69.61189270019531,35.96408462524414,28.87105941772461,138.90594482421875,90.29867553710938
2024-03-01,177.7225341796875,497.8320617675781,202.63999938964844,42.0076904296875,77.74462127685547,40.25313949584961,38.78647994995117,117.49449920654297,103.76138305664062,69.62124633789062,36.3594970703125,28.69439697265625,140.36387634277344,90.59735870361328
2024-03-04,173.21170043945312,497.2980651855469,188.13999938964844,42.313331604003906,76.72447967529297,39.82353210449219,38.88273620605469,117.919921875,103.76138305664062,69.67735290527344,36.77330017089844,29.177902221679688,140.15283203125,89.37321472167969
2024-03-05,168.28541564941406,492.3280944824219,180.74000549316406,42.08887481689453,76.10267639160156,40.11917495727539,38.892364501953125,116.95304870605469,101.21117401123047,69.84564971923828,36.3043212890625,29.094221115112305,139.10736083984375,88.26165771484375
2024-03-06,167.2961883544922,494.8227844238281,176.5399932861328,42.39929962158203,76.20954895019531,40.24390411376953,39.09452819824219,117.56217956542969,102.01364135742188,70.4347152709961,36.50662612915039,29.373167037963867,140.05694580078125,87.94829559326172
2024-03-07,167.17747497558594,499.734619140625,178.64999389648438,42.919857025146484,77.44343566894531,40.58573532104492,39.03676986694336,118.50971221923828,103.62351989746094,70.8367691040039,36.50662612915039,29.563777923583984,140.70916748046875,88.6191177368164
2024-03-08,168.8888397216797,496.73516845703125,175.33999633789062,42.67152404785156,77.32685852050781,40.72892761230469,39.10415267944336,118.24866485595703,102.08256530761719,70.27577209472656,36.93882369995117,29.638164520263672,140.4501953125,88.29104614257812
2024-03-11,170.88705444335938,496.3079833984375,177.77000427246094,43.153873443603516,77.18110656738281,41.1492919921875,39.171546936035156,117.63953399658203,101.80194854736328,70.65911865234375,36.754905700683594,29.786937713623047,140.3734588623047,88.05110931396484
2024-03-12,171.36187744140625,501.64697265625,177.5399932861328,43.14909744262695,77.86121368408203,41.084625244140625,39.335201263427734,118.1616439819336,103.8893814086914,71.0237808227539,36.66294860839844,29.498695373535156,141.0256805419922,88.81008911132812
2024-03-13,169.28451538085938,500.8605651855469,169.47999572753906,43.57414245605469,77.99722290039062,41.740570068359375,39.62400436401367,118.48070526123047,102.76689910888672,71.20142364501953,36.43305969238281,29.698606491088867,140.47898864746094,88.62403106689453
2024-03-14,171.1343536376953,499.8705139160156,162.5,43.344905853271484,77.81261444091797,42.17017364501953,39.30632019042969,117.97793579101562,102.78659057617188,70.64976501464844,35.918113708496094,29.46150016784668,139.9801788330078,88.06090545654297
2024-03-15,170.75843811035156,496.43817138671875,163.57000732421875,43.364013671875,77.0353775024414,42.29489517211914,39.26781463623047,117.99727630615234,101.23577880859375,70.62171173095703,35.899715423583984,29.503339767456055,139.42388916015625,87.18441772460938
2024-03-18,171.8465576171875,499.3885498046875,173.8000030517578,43.44308853149414,78.61746978759766,42.44111633300781,39.492958068847656,118.20677185058594,101.73334503173828,71.07571411132812,35.894161224365234,29.6392822265625,139.4075164794922,87.85032653808594
2024-03-19,174.18112182617188,502.1637268066406,171.32000732421875,43.4478874206543,78.58824157714844,42.9254150390625,39.68622589111328,119.22512817382812,102.2610092163086,71.33944702148438,35.894161224365234,29.901782989501953,140.33163452148438,88.61095428466797
2024-03-20,176.74322509765625,506.8083801269531,175.66000366210938,43.8840446472168,79.51373291015625,42.8648796081543,40.15970993041992,120.6605224609375,103.40508270263672,71.55607604980469,36.04229736328125,29.93928337097168,140.0139617919922,89.93102264404297
2024-03-21,169.5219268798828,508.4832763671875,172.82000732421875,44.0661735534668,79.54296112060547,43.12099075317383,40.48825454711914,121.85344696044922,103.47904205322266,71.59376525878906,36.18116760253906,29.89240837097168,140.19688415527344,90.45610046386719
2024-03-22,170.422119140625,507.5192565917969,170.8300018310547,43.79297637939453,79.70857238769531,43.02785873413086,40.0244255065918,121.4364013671875,103.51356506347656,71.24524688720703,35.75529098510742,29.934595108032227,140.0043487548828,89.6660385131836
2024-03-25,169.00755310058594,506.1170959472656,172.6300048828125,43.80735397338867,79.43578338623047,43.42833709716797,39.86982727050781,120.65082550048828,102.8281021118164,71.04745483398438,35.61641311645508,30.075223922729492,139.81182861328125,89.37159729003906
2024-03-26,167.87982177734375,505.1822509765625,177.6699981689453,43.7738037109375,79.27018737792969,43.09305191040039,40.005104064941406,120.2143783569336,102.40401458740234,71.08512878417969,35.468284606933594,29.733034133911133,140.322021484375,89.48445892333984
2024-03-27,171.44100952148438,509.4277038574219,179.8300018310547,44.40167236328125,79.67935180664062,43.493534088134766,40.47859191894531,122.14441680908203,102.9267349243164,71.82923126220703,36.3663330078125,30.56272315979004,142.18951416015625,90.51988983154297
2024-03-28,169.6307373046875,509.330322265625,175.7899932861328,44.52150344848633,79.55269622802734,43.9638557434082,40.70083999633789,122.16381072998047,102.70481872558594,71.92341613769531,36.5977897644043,30.773664474487305,142.20875549316406,90.24018859863281
2024-04-01,168.19639587402344,508.44427490234375,175.22000122070312,44.416053771972656,80.16643524169922,44.289825439453125,40.47859191894531,121.22303009033203,102.99083709716797,71.3488540649414,35.95896530151367,30.586162567138672,140.99586486816406,89.5678939819336
2024-04-02,167.0192108154297,505.21148681640625,166.6300048828125,44.25309753417969,80.03980255126953,44.9091682434082,40.26600646972656,120.6605224609375,101.99964141845703,70.98152923583984,35.56086730957031,30.637725830078125,138.8010711669922,88.2478256225586
2024-04-03,167.82049560546875,505.7664489746094,168.3800048828125,44.5167121887207,80.67301177978516,45.21650314331055,40.246681213378906,121.28124237060547,102.27086639404297,70.19974517822266,35.579383850097656,30.51584815979004,138.6470489501953,88.31161499023438
2024-04-04,166.99940490722656,499.593017578125,171.11000061035156,44.0661735534668,79.58192443847656,45.188568115234375,39.792510986328125,120.2143783569336,100.65338134765625,69.89834594726562,35.301631927490234,30.454912185668945,136.64479064941406,87.27616882324219
2024-04-05,167.751220703125,504.8122253417969,164.89999389648438,44.46398162841797,80.3905029296875,45.67286682128906,40.16937255859375,121.88253784179688,101.80731964111328,70.0113754272461,35.5330924987793,30.543975830078125,137.86732482910156,87.76199340820312
2024-04-08,166.6334228515625,505.0945739746094,172.97999572753906,44.49753189086914,80.4002456665039,45.384151458740234,40.343318939208984,121.6691665649414,101.68897247314453,69.90775299072266,35.83861541748047,30.745532989501953,137.42453002929688,88.59622955322266
2024-04-09,167.8402557373047,505.6788330078125,176.8800048828125,44.60298156738281,80.48793029785156,45.39811325073242,40.111392974853516,121.3879165649414,102.20182037353516,70.24684143066406,36.292266845703125,30.91428565979004,137.9154510498047,89.01335906982422
2024-04-10,165.9706573486328,500.6154479980469,171.75999450683594,43.90800476074219,79.85469055175781,45.53781509399414,39.51228713989258,120.35015869140625,100.94926452636719,69.99250793457031,34.80168914794922,30.38459587097168,136.29823303222656,87.63932037353516
2024-04-11,173.15234375,504.3935852050781,174.60000610351562,43.874454498291016,80.55612182617188,45.505226135253906,39.232059478759766,120.48594665527344,102.96617889404297,69.82299041748047,34.83872604370117,30.323657989501953,135.7399139404297,88.3459701538086
2024-04-12,174.64608764648438,497.4313049316406,171.0500030517578,43.09800338745117,79.23120880126953,44.76480484008789,38.71025466918945,119.196044921875,101.29939270019531,69.1165542602539,34.477657318115234,30.093969345092773,133.71841430664062,86.91304779052734
2024-04-15,170.82769775390625,491.1994934082031,161.47999572753906,42.89190673828125,78.22779083251953,44.345706939697266,38.51698684692383,118.3425521850586,99.37617492675781,68.83399200439453,33.8758659362793,29.817407608032227,133.44888305664062,85.46539306640625
2024-04-16,167.55340576171875,490.3036193847656,157.11000061035156,42.56119918823242,77.96475219726562,43.959197998046875,38.2560920715332,118.07098388671875,99.49451446533203,68.86225891113281,33.35740280151367,29.423654556274414,133.4969940185547,84.97956848144531
2024-04-17,166.18826293945312,487.4018859863281,155.4499969482422,42.65705490112305,77.89656829833984,43.833465576171875,38.35271072387695,117.45999145507812,98.05952453613281,69.1165542602539,33.079654693603516,30.037723541259766,133.26597595214844,84.56735229492188
2024-04-18,165.23861694335938,486.3989562988281,149.92999267578125,42.67143249511719,78.27650451660156,43.69842529296875,38.488006591796875,117.05261993408203,96.94010162353516,69.43680572509766,33.08891677856445,30.20647430419922,133.25634765625,84.04227447509766
2024-04-19,163.2206573486328,482.1534423828125,147.0500030517578,42.63788604736328,77.41921997070312,44.224632263183594,39.01947021484375,116.83927154541016,94.94290924072266,70.11498260498047,33.218536376953125,30.670536041259766,133.75692749023438,83.30618286132812
2024-04-22,164.0515594482422,486.59368896484375,142.0500030517578,42.681026458740234,77.5263671875,44.51334762573242,39.492958068847656,117.7218246459961,95.79109954833984,70.78372192382812,33.487022399902344,30.9517879486084,134.26708984375,83.6742172241211
2024-04-23,165.10012817382812,492.3679504394531,144.67999267578125,42.31196594238281,78.70514678955078,44.760154724121094,39.74420166015625,119.36090850830078,97.2113265991211,70.98152923583984,33.79254150390625,31.09710121154785,136.0190887451172,84.67041015625
2024-04-24,167.19729614257812,492.1342468261719,162.1300048828125,42.34071350097656,78.75386047363281,44.792747497558594,39.73453903198242,118.41043090820312,97.65514373779297,71.5184097290039,33.922157287597656,31.284603118896484,135.59552001953125,85.4801025390625
2024-04-25,168.0579071044922,490.2646789550781,170.17999267578125,42.64267349243164,75.94818115234375,44.997642517089844,39.50262451171875,118.76927947998047,97.44309997558594,71.3488540649414,33.72774124145508,31.368980407714844,134.69065856933594,85.55371856689453
2024-04-26,167.47425842285156,494.909423828125,168.2899932861328,42.906280517578125,78.04269409179688,44.583194732666016,39.44465255737305,118.96326446533203,98.54277801513672,71.1981430053711,33.75550842285156,31.026792526245117,134.72915649414062,86.32416534423828
2024-04-29,171.6289520263672,496.6619873046875,194.0500030517578,43.265750885009766,77.13670349121094,44.88588333129883,39.38666534423828,119.75855255126953,98.96688079833984,71.42420959472656,34.13509750366211,31.448671340942383,135.18157958984375,88.33124542236328
2024-04-30,168.49313354492188,488.7943420410156,183.27999877929688,42.479713439941406,75.85075378417969,43.54940414428711,39.000152587890625,117.85761260986328,96.78724670410156,71.11338806152344,33.50553894042969,31.284603118896484,135.0853271484375,86.18183898925781
2024-05-01,167.47425842285156,487.2071533203125,179.99000549316406,42.700191497802734,76.55217742919922,42.855567932128906,39.000152587890625,117.56665802001953,95.79602813720703,70.6612777709961,33.524051666259766,31.64554786682129,135.32598876953125,85.64204406738281
2024-05-02,171.16403198242188,491.76422119140625,180.00999450683594,42.479713439941406,77.32178497314453,43.102359771728516,39.09677505493164,118.24554443359375,97.17680358886719,71.25467681884766,34.00547790527344,31.814298629760742,135.229736328125,86.72164154052734
2024-05-03,181.40240478515625,497.8597717285156,181.19000244140625,42.91107940673828,78.14010620117188,43.107025146484375,39.183738708496094,119.0699462890625,99.88410186767578,71.47130584716797,34.27397537231445,32.06742477416992,135.566650390625,87.30561828613281
2024-05-06,179.7504425048828,503.0010681152344,184.75999450683594,43.169891357421875,79.20198059082031,43.44696807861328,39.68622589111328,120.27257537841797,101.05774688720703,71.50898742675781,34.283233642578125,32.23148727416992,136.11534118652344,88.23800659179688
2024-05-07,180.43296813964844,503.55615234375,177.80999755859375,43.682735443115234,79.28965759277344,43.40504837036133,39.82150650024414,120.6023178100586,100.72734832763672,72.29075622558594,34.6442985534668,32.59711456298828,137.2416229248047,87.60496520996094
2024-05-08,180.76931762695312,503.604736328125,174.72000122070312,43.48143005371094,79.16304016113281,43.35382843017578,39.966453552246094,120.6023178100586,101.01338195800781,72.07413482666016,34.32025909423828,32.93930435180664,136.7699432373047,87.27616882324219
2024-05-09,182.57958984375,506.5064392089844,171.97000122070312,43.96552658081055,79.56244659423828,43.935909271240234,40.26600646972656,121.8049545288086,100.9837875366211,72.69577026367188,35.134986877441406,33.44086837768555,137.9443359375,87.86996459960938
2024-05-10,181.3215789794922,507.158935546875,168.47000122070312,44.01824188232422,79.67935180664062,43.69376754760742,40.420616149902344,121.8922348022461,101.35855865478516,73.11022186279297,35.005367279052734,33.40805435180664,138.2234649658203,87.39887237548828
2024-05-13,184.52110290527344,507.2271423339844,171.88999938964844,43.98948669433594,79.53321075439453,43.577354431152344,40.256343841552734,121.37821197509766,101.83690643310547,72.90299987792969,35.09795379638672,33.40805435180664,138.08872985839844,87.28600311279297
2024-05-14,185.66018676757812,509.5543212890625,177.5500030517578,44.032623291015625,79.89366912841797,43.63322830200195,40.45927047729492,121.34912109375,102.73934173583984,72.76171112060547,35.347930908203125,33.49711990356445,138.6759490966797,87.68347930908203
2024-05-15,187.9285888671875,515.8640747070312,173.99000549316406,44.10930633544922,80.4002456665039,43.73101806640625,40.758827209472656,122.14441680908203,105.0521469116211,72.80880737304688,35.949710845947266,33.998687744140625,140.73594665527344,87.81597137451172
2024-05-16,188.04745483398438,514.802734375,174.83999633789062,43.79297637939453,80.341796875,43.60995101928711,40.758827209472656,121.41700744628906,104.6872329711914,73.84489440917969,35.88490295410156,33.881500244140625,140.57229614257812,87.24671936035156
2024-05-17,188.07716369628906,515.542724609375,177.4600067138672,44.16682052612305,80.47818756103516,44.219974517822266,41.058380126953125,121.55278778076172,104.4554443359375,73.66592407226562,35.88490295410156,33.90962219238281,140.8418426513672,87.69330596923828
2024-05-20,189.2361297607422,516.1367797851562,174.9499969482422,44.229129791259766,80.71199035644531,43.93125915527344,40.49791717529297,121.78556823730469,105.683349609375,73.15731048583984,35.66270446777344,33.85337448120117,140.5434112548828,87.04063415527344
2024-05-21,190.5337677001953,517.402587890625,186.60000610351562,44.229129791259766,80.60482025146484,43.71704864501953,40.758827209472656,121.3879165649414,105.85595703125,73.590576171875,35.63492965698242,34.1580696105957,140.78407287597656,87.60005187988281
2024-05-22,189.09744262695312,515.912841796875,180.11000061035156,43.797767639160156,80.7022476196289,42.87884521484375,40.526912689208984,121.53339385986328,106.0926513671875,73.29859924316406,35.329410552978516,33.754940032958984,141.0343475341797,86.68730163574219
2024-05-23,185.11541748046875,512.1444702148438,173.74000549316406,43.409542083740234,79.78650665283203,42.48767852783203,39.966453552246094,120.0979995727539,105.22968292236328,72.43206024169922,34.579490661621094,33.183048248291016,139.49417114257812,85.28379821777344
2024-05-24,188.18614196777344,515.5330810546875,179.24000549316406,43.788185119628906,80.80939483642578,42.54822540283203,40.20802307128906,120.70899963378906,106.11730194091797,72.62042236328125,34.579490661621094,33.515869140625,139.02247619628906,86.14259338378906
2024-05-28,188.19606018066406,515.893310546875,176.75,43.620426177978516,80.94580078125,42.98594284057617,39.763526916503906,119.23481750488281,106.56605529785156,72.05528259277344,34.37581253051758,33.48305892944336,137.337890625,85.93159484863281
2024-05-29,188.4932098388672,512.28076171875,176.19000244140625,42.99734878540039,80.51714324951172,42.226905822753906,39.44465255737305,117.54725646972656,105.89045715332031,71.53723907470703,34.05177688598633,33.05180740356445,136.2693634033203,85.36724853515625
2024-05-30,189.48374938964844,508.88238525390625,178.7899932861328,43.34723663330078,80.25411224365234,42.347984313964844,39.65723419189453,118.35224914550781,103.47411346435547,71.72562408447266,34.54246139526367,33.49711990356445,136.33677673339844,85.87269592285156
2024-05-31,190.43470764160156,513.5173950195312,178.0800018310547,43.86966323852539,81.11140441894531,43.400394439697266,40.23701858520508,119.78764343261719,103.63684844970703,72.84646606445312,35.227569580078125,34.08774948120117,138.32937622070312,86.3536148071289
2024-06-03,192.19789123535156,513.93603515625,176.2899932861328,43.610843658447266,81.4328842163086,42.26416015625,39.98577880859375,118.32315063476562,103.89820861816406,72.81822204589844,35.08869552612305,33.69868469238281,139.30165100097656,86.31434631347656
2024-06-04,192.51487731933594,514.5106811523438,174.77000427246094,43.12676239013672,81.74463653564453,41.85902786254883,39.80217361450195,118.03218078613281,104.11518859863281,73.44930267333984,35.42198944091797,33.68461990356445,139.70594787597656,86.40269470214844
2024-06-05,194.0205078125,520.625732421875,175.0,43.42391586303711,82.7383041381836,41.854366302490234,39.91813659667969,119.22512817382812,106.42798614501953,73.28917694091797,35.375701904296875,33.492427825927734,140.34124755859375,86.90813446044922
2024-06-06,192.64364624023438,520.6158447265625,177.94000244140625,43.47184753417969,82.78701782226562,42.073238372802734,39.89881896972656,118.51712799072266,106.07292175292969,73.5152359008789,35.431251525878906,33.14555358886719,140.8033447265625,87.54117584228516
2024-06-07,195.03089904785156,519.9830322265625,177.47999572753906,43.03569412231445,82.22198486328125,41.90559387207031,40.08240509033203,118.6432113647461,106.31949615478516,73.14790344238281,35.153499603271484,32.78461837768555,140.9573516845703,87.18293762207031
2024-06-10,191.29647827148438,521.589599609375,173.7899932861328,42.992557525634766,82.42656707763672,42.222251892089844,39.927799224853516,119.01176452636719,106.59070587158203,73.09137725830078,35.329410552978516,33.20649337768555,141.47718811035156,87.46265411376953
2024-06-11,205.19400024414062,522.8457641601562,170.66000366210938,42.97817611694336,82.58244323730469,42.138431549072266,39.4736328125,118.33285522460938,108.5731201171875,73.05369567871094,35.21831130981445,33.00492858886719,140.8899688720703,87.23200988769531
2024-06-12,211.05813598632812,527.1399536132812,177.2899932861328,43.05965805053711,82.40707397460938,41.686729431152344,39.43498611450195,119.4578857421875,110.97464752197266,72.25308990478516,35.468284606933594,32.789302825927734,140.591552734375,88.1398696899414
2024-06-13,212.21707153320312,528.201171875,182.47000122070312,43.04528045654297,81.69593048095703,41.30488204956055,39.4059944152832,118.69169616699219,111.85245513916016,72.3472671508789,35.64418029785156,32.86430358886719,140.47604370117188,88.20856475830078
2024-06-14,210.48361206054688,528.5226440429688,178.00999450683594,42.64746856689453,81.95894622802734,40.99753952026367,39.28037643432617,117.49877166748047,112.27159881591797,72.47914123535156,35.67196273803711,32.78461837768555,140.4279022216797,87.51171875
2024-06-17,214.62413024902344,532.7290649414062,187.44000244140625,42.96379470825195,82.3486328125,41.104644775390625,39.628238677978516,118.79837799072266,113.97290802001953,73.1667251586914,35.48680114746094,32.423675537109375,140.2835235595703,89.0477066040039
2024-06-18,212.26657104492188,534.0825805664062,184.86000061035156,42.91587448120117,81.86153411865234,41.27694320678711,39.879486083984375,119.4384994506836,114.11592102050781,73.26091003417969,35.62567138671875,32.43773651123047,140.46640014648438,88.74836730957031
2024-06-20,207.70010375976562,532.6318359375,181.57000732421875,42.95901107788086,82.2122573852539,42.035980224609375,40.092071533203125,119.51607513427734,112.83377075195312,73.10079193115234,35.5330924987793,32.718990325927734,140.92848205566406,88.86123657226562
2024-06-21,205.5308074951172,531.9176025390625,183.00999450683594,42.96379470825195,82.74805450439453,41.7938346862793,39.93746566772461,119.263916015625,112.63652038574219,73.15731048583984,35.62567138671875,32.52680206298828,141.32313537597656,89.61205291748047
2024-06-24,206.17465209960938,530.1885986328125,182.5800018310547,43.2407112121582,83.02545928955078,42.84765625,40.34782791137695,119.77093505859375,109.87508392333984,73.93739318847656,35.866024017333984,32.95444869995117,142.14749145507812,89.22944641113281
2024-06-25,207.0959014892578,532.2302856445312,187.35000610351562,42.69170379638672,83.95337677001953,42.946231842041016,40.04708480834961,118.74908447265625,111.89058685302734,73.462890625,35.361000061035156,32.642574310302734,141.7029571533203,88.87042999267578
2024-06-26,211.23641967773438,532.89453125,196.3699951171875,42.66281509399414,83.9631576538086,42.523765563964844,39.79485321044922,118.42793273925781,111.76215362548828,73.31105041503906,35.314239501953125,32.50553894042969,141.20040893554688,90.15892028808594
2024-06-27,212.0784149169922,533.7346801757812,197.4199981689453,42.542415618896484,84.4417724609375,42.622344970703125,39.74634552001953,118.55445861816406,111.81649017333984,72.99786376953125,35.63222122192383,32.56224822998047,140.96847534179688,90.709716796875
2024-06-28,208.63125610351562,531.63427734375,197.8800048828125,42.52797317504883,83.67012023925781,42.78663635253906,39.882164001464844,118.6031265258789,111.7572021484375,72.67521667480469,35.922142028808594,32.19839096069336,140.85252380371094,89.70155334472656
2024-07-01,214.70335388183594,532.728515625,209.86000061035156,41.87302780151367,83.31848907470703,42.81010437011719,39.9694709777832,117.32821655273438,112.60193634033203,72.16275024414062,35.576107025146484,31.976301193237305,140.06005859375,90.00646209716797
2024-07-02,218.1901397705078,536.3135986328125,231.25999450683594,41.95008087158203,84.06082916259766,42.777244567871094,40.43513870239258,117.97054290771484,113.16510009765625,72.66571807861328,35.72574234008789,32.14168167114258,139.5478973388672,91.75721740722656
2024-07-03,219.45803833007812,538.70703125,246.38999938964844,42.26310729980469,84.09012603759766,42.96501159667969,40.30902099609375,118.39875030517578,114.69154357910156,72.54235076904297,35.688331604003906,32.33542251586914,138.48486328125,92.34243774414062
2024-07-05,224.2028045654297,541.8134765625,251.52000427246094,42.33053207397461,85.72134399414062,42.29375457763672,40.299320220947266,117.97054290771484,115.04229736328125,73.43441772460938,35.81926345825195,32.39213180541992,139.55755615234375,93.09486389160156
2024-07-08,225.66883850097656,542.438720703125,252.94000244140625,42.45573806762695,84.94969940185547,42.035579681396484,40.19260787963867,118.11653900146484,115.8277587890625,73.32054138183594,35.90343475341797,32.42521286010742,139.4029083251953,93.13912963867188
2024-07-09,226.5207061767578,542.9661254882812,262.3299865722656,42.022315979003906,85.21340942382812,41.66474533081055,40.5030517578125,117.60072326660156,115.73389434814453,73.13075256347656,35.91278839111328,32.519718170166016,140.07937622070312,93.4489517211914
2024-07-10,230.7801055908203,548.3389892578125,263.260009765625,42.58576202392578,85.7506332397461,41.94639587402344,40.658267974853516,118.65177154541016,117.41348266601562,73.45340728759766,36.1652946472168,32.82686233520508,141.4033966064453,94.1521987915039
2024-07-11,225.42120361328125,543.6109008789062,241.02999877929688,43.16846466064453,84.57852172851562,42.38294219970703,40.97841262817383,120.16022491455078,114.47418975830078,73.17818450927734,37.12858963012695,33.426979064941406,142.39874267578125,92.95716857910156
2024-07-12,228.36314392089844,547.0397338867188,248.22999572753906,43.58262252807617,84.30502319335938,42.49090576171875,41.114234924316406,120.8511962890625,115.49678802490234,73.5008544921875,37.39980697631836,33.672698974609375,143.287841796875,94.17188262939453
2024-07-15,232.18673706054688,548.5440673828125,252.63999938964844,43.47186279296875,84.60782623291016,43.13399887084961,41.71571731567383,121.71733856201172,115.70425415039062,73.07380676269531,37.55878829956055,32.8552131652832,142.78530883789062,94.06369018554688
2024-07-16,232.60276794433594,551.7969970703125,256.55999755859375,44.31461715698242,84.83248138427734,43.32645797729492,42.19108200073242,124.75370025634766,115.31893920898438,73.77606964111328,37.914180755615234,33.11037826538086,144.82443237304688,95.7505111694336
2024-07-17,226.71884155273438,544.0602416992188,248.5,44.22312545776367,83.55290985107422,43.7583122253418,42.51121520996094,123.15766906738281,110.83343505859375,74.7250747680664,38.250858306884766,33.12928009033203,145.48158264160156,94.1521987915039
2024-07-18,222.06321716308594,539.879150390625,249.22999572753906,43.784889221191406,83.50406646728516,43.83810806274414,41.99705505371094,122.19418334960938,110.84330749511719,74.35497283935547,37.932884216308594,33.10093307495117,142.1764678955078,93.19322967529297
2024-07-19,222.19198608398438,536.2940673828125,239.1999969482422,43.394813537597656,83.13289642333984,43.359317779541016,41.570194244384766,121.52269744873047,109.109375,74.10821533203125,37.886112213134766,33.13872528076172,142.9012908935547,92.36211395263672
2024-07-22,221.8452911376953,541.8232421875,251.50999450683594,43.53927993774414,83.48455047607422,43.087059020996094,41.80303192138672,122.75865936279297,111.69297790527344,74.1556625366211,38.26021194458008,33.41752243041992,143.7227325439453,93.38011169433594
2024-07-23,222.88534545898438,540.9733276367188,246.3800048828125,43.712646484375,83.36731719970703,42.4017219543457,41.880638122558594,122.52508544921875,111.24839782714844,73.88995361328125,38.19474792480469,33.20961380004883,143.63575744628906,92.96209716796875
2024-07-24,216.47647094726562,528.7135009765625,215.99000549316406,43.15401840209961,81.18912506103516,42.40641403198242,41.308265686035156,119.88773345947266,106.64432525634766,73.8235092163086,37.671016693115234,33.582908630371094,144.8340606689453,89.16059875488281
2024-07-25,215.43637084960938,525.958740234375,220.25,43.274417877197266,80.25143432617188,43.13869857788086,41.46348190307617,120.8511962890625,105.50320434570312,73.73810577392578,37.465267181396484,33.30412292480469,144.10926818847656,88.81141662597656
2024-07-26,215.90194702148438,531.8493041992188,219.8000030517578,43.982337951660156,81.75565338134766,43.274818420410156,42.11347198486328,122.91437530517578,106.8419189453125,74.48783111572266,38.09186553955078,33.630165100097656,144.9210662841797,89.8048324584961
2024-07-29,216.17929077148438,532.161865234375,232.10000610351562,44.05937957763672,82.47846984863281,42.903987884521484,42.05526351928711,122.70026397705078,106.36768341064453,74.51628875732422,38.33503341674805,33.781375885009766,145.00804138183594,91.30477905273438
2024-07-30,216.7340087890625,529.4656982421875,222.6199951171875,43.91490936279297,82.81056213378906,43.570552825927734,42.54032516479492,123.06034088134766,103.69515991210938,74.01331329345703,38.6156005859375,33.95621109008789,145.13365173339844,90.79823303222656
2024-07-31,219.98306274414062,538.0719604492188,232.07000732421875,44.372406005859375,83.79711151123047,43.75361251831055,42.433616638183594,124.43254089355469,108.08680725097656,73.88045501708984,38.52207565307617,34.39566421508789,144.60214233398438,92.20474243164062
2024-08-01,216.2981719970703,530.452392578125,216.86000061035156,44.1942253112793,84.13896942138672,42.594173431396484,41.83213424682617,122.1260757446289,104.05577087402344,74.5637435913086,39.12062454223633,35.01469039916992,146.0807342529297,89.9425277709961
2024-08-02,217.78399658203125,520.5762329101562,207.6699981689453,43.36110305786133,82.771484375,41.49576187133789,40.80379104614258,119.44005584716797,101.13130187988281,75.21856689453125,39.148677825927734,35.07139205932617,145.7908172607422,86.6328125
2024-08-05,207.29400634765625,505.41510009765625,198.8800048828125,42.39312744140625,80.39794158935547,40.580413818359375,39.6202278137207,117.36714935302734,97.76223754882812,73.73810577392578,38.01705551147461,34.145233154296875,141.896240234375,84.18373107910156
2024-08-06,205.27325439453125,510.07476806640625,200.63999938964844,42.60984420776367,81.34541320800781,40.82919692993164,40.26051330566406,118.77828979492188,99.09109497070312,74.25057220458984,38.85875701904297,34.433475494384766,142.55337524414062,85.11319732666016
2024-08-07,207.8388214111328,506.6654052734375,191.75999450683594,42.03194808959961,80.91563415527344,40.993492126464844,40.30902099609375,118.20410919189453,97.485595703125,74.32648468017578,38.578182220458984,34.62720489501953,141.10377502441406,83.62800598144531
2024-08-08,211.29583740234375,518.3782958984375,198.83999633789062,42.682071685791016,82.52731323242188,41.87598419189453,40.95901107788086,120.9290542602539,101.12635803222656,75.00028228759766,38.905521392822266,34.665016174316406,144.2252655029297,85.4525375366211
2024-08-09,214.19818115234375,520.6641235351562,200.0,42.64836883544922,83.23057556152344,41.96986389160156,41.13364028930664,120.94851684570312,101.58084869384766,75.11416625976562,39.1019172668457,34.78314971923828,144.9403839111328,85.73776245117188
2024-08-12,215.72540283203125,520.9376831054688,197.49000549316406,42.46055221557617,82.65428924560547,42.17639923095703,40.92020797729492,120.33539581298828,102.41075897216797,74.73456573486328,38.868106842041016,34.84457778930664,144.38955688476562,85.39844512939453
2024-08-13,219.43438720703125,529.5047607421875,207.8300018310547,42.88434600830078,83.72872924804688,41.76801681518555,41.2597541809082,121.60054016113281,105.55752563476562,75.07621765136719,39.13932800292969,35.047767639160156,146.13873291015625,87.53770446777344
2024-08-14,219.8806610107422,531.17529296875,201.3800048828125,42.88434600830078,83.25011444091797,42.01211166381836,41.76422119140625,122.09687805175781,106.13550567626953,75.41786193847656,39.27961349487305,35.02413558959961,146.66055297851562,87.07051086425781
2024-08-15,222.85577392578125,540.2797241210938,214.13999938964844,43.56336212158203,84.0022201538086,42.51437759399414,42.15227508544922,123.7415771484375,109.18842315673828,76.19603729248047,39.167381286621094,35.0194091796875,147.5786590576172,89.84909057617188
2024-08-16,224.17474365234375,541.490966796875,216.1199951171875,43.616336822509766,84.25617980957031,42.46744155883789,42.46272277832031,123.56639862060547,109.37120056152344,76.40483093261719,39.148677825927734,35.17534637451172,147.73326110839844,90.06056213378906
2024-08-19,224.01605224609375,546.66845703125,222.72000122070312,43.82341384887695,85.21340942382812,42.75377655029297,42.69554901123047,124.31576538085938,111.1742935180664,76.66105651855469,39.38248825073242,35.406890869140625,148.6320037841797,91.16708374023438
2024-08-20,224.6309051513672,545.7794799804688,221.10000610351562,43.66448974609375,85.1548080444336,41.627201080322266,42.559730529785156,123.97514343261719,110.78401184082031,77.04065704345703,39.419898986816406,35.331275939941406,149.23117065429688,91.0834732055664
2024-08-21,224.52182006835938,547.655029296875,223.27000427246094,44.16533279418945,85.51622772216797,41.69761276245117,42.491825103759766,124.7245101928711,111.43611907958984,77.56262969970703,39.55083084106445,35.58173370361328,149.48243713378906,92.23424530029297
2024-08-22,222.66734313964844,543.3568115234375,210.66000366210938,44.07383346557617,84.87154388427734,41.805564880371094,42.734352111816406,124.56879425048828,108.87225341796875,77.44873809814453,39.79398727416992,35.53919982910156,149.57908630371094,90.64085388183594
2024-08-23,224.95819091796875,549.1301879882812,220.32000732421875,44.65654373168945,85.4673843383789,42.42988586425781,43.103004455566406,125.81448364257812,110.63584899902344,77.66700744628906,40.560874938964844,35.638431549072266,150.22659301757812,92.39161682128906
2024-08-26,225.2953643798828,547.8211059570312,213.2100067138672,44.85398864746094,85.66273498535156,42.81010437011719,43.23882293701172,125.67822265625,109.24769592285156,78.2174301147461,40.532814025878906,35.869972229003906,150.14926147460938,91.67361450195312
2024-08-27,226.1383056640625,548.5734252929688,209.2100067138672,44.858802795410156,85.4673843383789,42.41110610961914,43.46195602416992,125.7560806274414,109.90966033935547,78.40724182128906,40.63569641113281,35.586448669433594,150.38119506835938,91.4326400756836
2024-08-28,224.611083984375,545.3888549804688,205.75,44.666175842285156,84.90084838867188,42.138851165771484,43.56867599487305,125.69770812988281,108.3930892944336,78.07508087158203,40.49540710449219,35.586448669433594,150.5551300048828,90.54743194580078
2024-08-29,227.88369750976562,545.4376220703125,206.27999877929688,44.911773681640625,84.72503662109375,42.68806457519531,43.95672607421875,126.58332061767578,107.41497039794922,77.68598937988281,40.336421966552734,35.780189514160156,150.8740692138672,90.65560913085938
2024-08-30,227.10025024414062,550.644287109375,214.11000061035156,45.402976989746094,85.29155731201172,42.84765625,44.373878479003906,127.93604278564453,108.84261322021484,78.30284881591797,40.729217529296875,36.049530029296875,151.91778564453125,92.02278137207031
2024-09-03,220.92196655273438,539.3126220703125,210.60000610351562,44.372406005859375,83.72872924804688,41.7821044921875,44.04404067993164,125.10404968261719,103.84334564208984,78.853271484375,40.82273483276367,35.997554779052734,151.6278533935547,90.75889587402344
2024-09-04,219.01788330078125,538.2088623046875,219.41000366210938,44.18941116333008,83.3282470703125,41.20472717285156,44.0925407409668,125.23056030273438,103.57659912109375,79.22339630126953,40.916259765625,36.30470657348633,151.36692810058594,90.99494934082031
2024-09-05,220.53518676757812,536.8997192382812,230.1699981689453,43.84267807006836,83.57244873046875,40.88552474975586,43.60747528076172,123.7707748413086,103.41851806640625,78.91969299316406,40.80403518676758,36.21492385864258,149.28916931152344,92.0276870727539
2024-09-06,218.9881134033203,527.8636474609375,210.72999572753906,43.28886413574219,81.82401275634766,40.373878479003906,42.96718978881836,122.5153579711914,100.73611450195312,78.75836181640625,40.80403518676758,35.869972229003906,148.7769775390625,89.70155334472656
2024-09-09,219.07737731933594,533.7736206054688,216.27000427246094,43.70783615112305,82.1756591796875,40.6649055480957,43.60747528076172,124.39361572265625,102.38604736328125,79.36573791503906,41.29035186767578,36.23382568359375,149.82069396972656,91.00969696044922
2024-09-10,218.28399658203125,536.0986328125,226.1699981689453,43.72710037231445,82.15613555908203,39.96548843383789,43.16122055053711,124.60771942138672,103.91744232177734,79.34676361083984,42.01982879638672,36.4039306640625,150.5068359375,92.05228424072266
2024-09-11,220.81285095214844,541.5985107421875,228.1300048828125,43.833045959472656,82.49799346923828,39.59465408325195,42.95748519897461,124.83155059814453,107.46435546875,78.60653686523438,41.9076042175293,36.51734161376953,150.0623016357422,92.971923828125
2024-09-12,220.92196655273438,546.1605224609375,229.80999755859375,44.23756790161133,84.04129791259766,39.9514045715332,43.05449676513672,125.79500579833984,108.35354614257812,79.09051513671875,41.982421875,36.59767532348633,150.6034698486328,94.0194091796875
2024-09-13,220.65419006347656,549.012939453125,230.2899932861328,44.63727951049805,84.85202026367188,40.176719665527344,43.18061065673828,127.06990051269531,108.89695739746094,79.65044403076172,42.28169631958008,37.112728118896484,150.9127197265625,94.65874481201172
2024-09-16,214.52545166015625,549.8239135742188,226.77999877929688,45.05143356323242,85.74087524414062,40.636741638183594,43.74329376220703,127.721923828125,108.48200225830078,79.96360778808594,42.4219856262207,37.39625549316406,151.95645141601562,94.4964599609375
2024-09-17,214.99156188964844,550.0484619140625,227.8699951171875,45.138118743896484,85.74087524414062,41.185951232910156,43.97612762451172,128.42263793945312,108.26958465576172,79.20439910888672,42.085296630859375,37.36790084838867,150.390869140625,94.97840881347656
2024-09-18,218.85922241210938,548.4171142578125,227.1999969482422,44.94548797607422,85.67249298095703,41.2657585144043,43.84029769897461,128.31558227539062,107.2815933227539,78.90072631835938,41.96371841430664,37.084381103515625,150.1396026611328,94.79153442382812
2024-09-19,226.97134399414062,557.7755126953125,243.9199981689453,45.62450408935547,86.8348617553711,41.75863265991211,44.32537078857422,130.5247344970703,110.4678726196289,78.43571472167969,41.860836029052734,36.86701583862305,150.6807861328125,96.95047760009766
2024-09-20,226.30690002441406,556.8113403320312,238.25,45.301856994628906,86.8348617553711,41.66474533081055,44.2962646484375,129.6099395751953,109.92940521240234,78.81531524658203,41.78602600097656,37.84043502807617,150.0623016357422,96.72915649414062
2024-09-23,224.59124755859375,558.2027587890625,250.0,45.697540283203125,87.02983093261719,42.17920684814453,44.242713928222656,130.4798583984375,109.90911865234375,79.27230072021484,42.248443603515625,38.215789794921875,149.76837158203125,97.90448760986328
2024-09-24,225.48379516601562,559.7999877929688,254.27000427246094,46.3215446472168,87.4413070678711,42.0750846862793,43.87273406982422,131.4171600341797,110.6613540649414,79.08149719238281,42.248443603515625,37.94462203979492,149.46766662597656,98.76197052001953
2024-09-25,224.49208068847656,558.5652465820312,257.0199890136719,46.011962890625,87.1669921875,41.25156784057617,43.60984420776367,130.80206298828125,110.97807312011719,78.88114166259766,42.069496154785156,38.14442443847656,148.01266479492188,98.40713500976562
2024-09-26,225.63255310058594,560.7798461914062,254.22000122070312,46.96489715576172,87.65686798095703,40.4422492980957,43.833778381347656,131.4562225341797,112.44789123535156,79.06241607666016,41.655120849609375,37.88276672363281,148.50738525390625,98.82603454589844
2024-09-27,225.9003143310547,559.9664916992188,260.4599914550781,46.88267135620117,88.18590545654297,41.265769958496094,43.96036148071289,131.6417236328125,111.39874267578125,79.20552062988281,41.71162414550781,38.25860595703125,148.42977905273438,98.97386169433594
2024-09-30,231.0670623779297,562.21044921875,261.6300048828125,46.62145233154297,88.5680160522461,41.554473876953125,44.12588119506836,132.2373046875,111.725341796875,79.18644714355469,42.069496154785156,38.42987060546875,149.39976501464844,98.74224853515625
2024-10-01,224.33338928222656,557.173828125,258.0199890136719,46.5053596496582,88.63658905029297,42.501041412353516,43.89220428466797,132.30563354492188,109.00348663330078,78.91930389404297,41.81521987915039,38.739105224609375,148.61407470703125,98.34307861328125
2024-10-02,224.89866638183594,557.4090576171875,249.02000427246094,46.326377868652344,88.36226654052734,42.936466217041016,43.940887451171875,132.06153869628906,109.81014251708984,78.25146484375,41.66453552246094,38.75812911987305,148.31338500976562,97.51024627685547
2024-10-03,223.79788208007812,556.3900756835938,240.66000366210938,45.81363296508789,88.05854797363281,43.693721771240234,43.70721435546875,131.38787841796875,110.26544189453125,77.4691390991211,41.25957107543945,38.743858337402344,146.97479248046875,96.38175201416016
2024-10-04,224.9185028076172,561.4461669921875,250.0800018310547,46.0361442565918,89.03829193115234,44.10074996948242,44.447181701660156,132.30563354492188,111.49274444580078,77.72673034667969,40.9864501953125,38.6820068359375,147.0911865234375,97.65809631347656
2024-10-07,219.85089111328125,556.3704223632812,240.8300018310547,45.900699615478516,87.84300994873047,44.256935119628906,43.901939392089844,131.9834442138672,110.7256851196289,76.95396423339844,40.68508529663086,37.792388916015625,146.44125366210938,96.14026641845703
2024-10-08,223.89706420898438,561.6323852539062,244.5,45.687862396240234,88.61699676513672,43.10212326049805,44.155086517333984,132.27635192871094,112.79431915283203,77.3355712890625,40.80751419067383,37.81141662597656,147.23666381835938,97.07658386230469
2024-10-09,227.63577270507812,565.5224609375,241.0500030517578,45.97809982299805,88.64639282226562,43.362422943115234,44.564022064208984,133.45773315429688,114.05626678466797,77.80307006835938,40.82634353637695,37.4879150390625,148.74017333984375,97.77143096923828
2024-10-10,227.13992309570312,564.53271484375,238.77000427246094,46.08451843261719,87.9899673461914,43.65585708618164,44.427711486816406,132.77432250976562,114.02657318115234,77.45960235595703,40.487308502197266,37.37373733520508,148.18728637695312,97.28849792480469
2024-10-11,225.66229248046875,567.9132080078125,217.8000030517578,46.38443374633789,88.59740447998047,43.92563247680664,45.284523010253906,135.14683532714844,114.22452545166016,77.88892364501953,40.90168762207031,37.701995849609375,149.27366638183594,96.87454223632812
2024-10-14,229.38116455078125,572.5579223632812,219.16000366210938,46.65047836303711,89.00888061523438,43.906700134277344,45.5668830871582,135.95718383789062,115.71414184570312,78.2037582397461,41.184226989746094,38.177734375,150.0981903076172,97.29833984375
2024-10-15,231.91004943847656,568.1092529296875,219.57000732421875,46.60210418701172,89.20484161376953,42.49156951904297,45.664249420166016,134.91249084472656,113.17041015625,78.69986724853516,41.702205657958984,38.348995208740234,148.26490783691406,97.51024627685547
2024-10-16,229.85720825195312,570.5784912109375,221.3300018310547,46.96489715576172,89.14604949951172,42.695091247558594,46.22896194458008,135.95718383789062,113.52179718017578,78.64263153076172,42.11659240722656,39.110172271728516,148.6819610595703,98.02276611328125
2024-10-17,230.22412109375,570.6275024414062,220.88999938964844,47.03745651245117,88.72476959228516,42.89860153198242,46.35554122924805,135.56668090820312,113.86820983886719,78.28961944580078,41.843475341796875,38.76288604736328,147.8186798095703,97.93404388427734
2024-10-18,233.05047607421875,572.8223876953125,220.6999969482422,47.22610855102539,89.38119506835938,42.75661849975586,46.36527633666992,135.9767608642578,114.27401733398438,78.46134948730469,42.135433197021484,38.98648452758789,148.53648376464844,98.31844329833984
2024-10-21,234.51821899414062,571.8817138671875,218.85000610351562,46.86331558227539,89.02849578857422,42.62882995605469,45.99529266357422,135.498291015625,114.8084945678711,77.80307006835938,41.26898956298828,38.83424377441406,146.7904510498047,97.55460357666016
2024-10-22,233.90335083007812,571.5780029296875,217.97000122070312,46.432804107666016,89.15585327148438,42.72822189331055,45.90766143798828,133.8580780029297,114.6897201538086,78.24192810058594,41.33491134643555,38.69628143310547,146.57708740234375,97.16036224365234
2024-10-23,228.8456573486328,566.3552856445312,213.64999389648438,46.30704116821289,88.4798355102539,42.50577926635742,45.868717193603516,133.46751403808594,113.04668426513672,78.08927917480469,41.73987579345703,39.06735610961914,145.8883514404297,95.63268280029297
2024-10-24,228.65725708007812,567.5801391601562,260.4800109863281,45.74106979370117,88.78355407714844,42.501041412353516,45.90766143798828,132.5497283935547,113.3782730102539,77.98432922363281,41.83405685424805,38.815208435058594,144.92808532714844,98.64861297607422
2024-10-25,229.4902801513672,567.384033203125,269.19000244140625,45.450836181640625,89.00888061523438,42.486846923828125,45.401363372802734,132.19822692871094,113.9671859741211,77.3355712890625,41.50442886352539,38.23957443237305,144.13265991210938,98.95909881591797
2024-10-28,231.4637451171875,569.1381225585938,262.510009765625,45.82814025878906,89.57713317871094,42.21706771850586,45.96608352661133,132.58877563476562,113.93254852294922,77.47868347167969,41.63628005981445,38.53929138183594,144.34608459472656,99.19068908691406
2024-10-29,231.73153686523438,570.0592041015625,259.5199890136719,45.53307342529297,90.41970825195312,41.573402404785156,45.6837158203125,132.41305541992188,115.4666976928711,76.71543884277344,41.25957107543945,37.71626663208008,143.9483642578125,98.67325592041016
2024-10-30,228.1911163330078,568.3346557617188,257.54998779296875,45.77976989746094,90.96836853027344,41.668060302734375,45.88819122314453,132.1884765625,113.63067626953125,76.5914077758789,41.410255432128906,37.625877380371094,143.6767578125,98.53527069091797
2024-10-31,224.035888671875,557.1935424804688,249.85000610351562,45.17511749267578,90.1747817993164,41.928367614746094,45.255313873291016,130.66539001464844,109.98336029052734,76.43876647949219,40.68508529663086,38.01598358154297,142.46426391601562,97.02730560302734
2024-11-01,221.060791015625,559.545166015625,248.97999572753906,45.049339294433594,90.5274887084961,41.663330078125,45.411102294921875,130.84107971191406,110.80982208251953,76.46739196777344,40.251861572265625,37.1691780090332,143.30816650390625,98.60426330566406
2024-11-04,220.168212890625,558.3399047851562,242.83999633789062,45.2476806640625,90.22376251220703,42.392189025878906,45.06058120727539,130.6946563720703,110.7256851196289,76.67728424072266,40.703914642333984,36.72673416137695,142.36727905273438,98.26422882080078
2024-11-05,221.59629821777344,565.09130859375,251.44000244140625,45.315391540527344,91.22309112548828,42.6761589050293,45.47925567626953,132.8817138671875,112.2845687866211,77.16383361816406,41.25957107543945,37.278594970703125,143.41485595703125,100.0038070678711
2024-11-06,220.8723602294922,579.1425170898438,288.5299987792969,45.93940734863281,93.46669006347656,44.28059387207031,48.244422912597656,138.08563232421875,115.4815444946289,75.90449523925781,40.157676696777344,36.893245697021484,143.59915161132812,103.20207977294922
2024-11-07,225.59286499023438,583.62060546875,296.9100036621094,46.11838150024414,94.69136810302734,44.07707977294922,47.46550369262695,137.25575256347656,117.49571990966797,76.18116760253906,40.656822204589844,36.9598503112793,144.63706970214844,104.52771759033203
2024-11-08,225.3248291015625,586.148681640625,321.2200012207031,45.697540283203125,94.23088073730469,44.37051773071289,47.89390563964844,138.73004150390625,117.3670425415039,77.10659790039062,41.35374450683594,37.66869354248047,145.67495727539062,106.01103973388672
2024-11-11,222.614501953125,586.7072143554688,350.0,45.499210357666016,94.75993347167969,44.62136459350586,48.575462341308594,139.80404663085938,116.71875762939453,76.8394775390625,40.99586868286133,37.77335739135742,144.82138061523438,108.14979553222656
2024-11-12,222.614501953125,584.8846435546875,328.489990234375,44.725250244140625,95.19102478027344,44.38471603393555,48.42942428588867,138.6031494140625,116.8672103881836,76.92533874511719,40.47788619995117,37.34043502807617,142.8037567138672,106.70589447021484
2024-11-13,223.49806213378906,585.1688232421875,330.239990234375,44.83167266845703,95.23020935058594,44.730220794677734,48.45862579345703,138.89601135253906,116.46141052246094,77.15430450439453,40.798095703125,37.27383804321289,142.42547607421875,107.6175765991211
2024-11-14,226.57574462890625,581.4061279296875,311.17999267578125,44.46403884887695,95.12242889404297,44.900596618652344,48.332054138183594,136.5527801513672,116.06550598144531,76.96349334716797,40.43080139160156,37.145389556884766,140.18478393554688,106.08988952636719
2024-11-15,223.37893676757812,573.958984375,320.7200012207031,44.154457092285156,93.22175598144531,44.834346771240234,48.55598831176758,135.8205108642578,113.18526458740234,76.2861099243164,40.47788619995117,37.701995849609375,137.58514404296875,105.18314361572266
2024-11-18,226.37718200683594,576.310791015625,338.739990234375,44.49789810180664,94.14269256591797,45.43067932128906,48.70204162597656,135.63499450683594,113.55148315429688,76.82038116455078,40.83576202392578,38.030250549316406,137.68214416503906,106.1539535522461
2024-11-19,226.6352996826172,578.41748046875,346.0,44.352783203125,94.75993347167969,45.14197540283203,48.380733489990234,135.51785278320312,114.48187255859375,76.92533874511719,41.005287170410156,38.27287292480469,136.9740447998047,106.2328109741211
2024-11-20,227.35011291503906,578.6134033203125,342.0299987792969,44.715576171875,95.36736297607422,45.59632873535156,48.23469161987305,135.66432189941406,114.38288879394531,76.53417205810547,40.93935775756836,38.29190444946289,138.5939483642578,105.76464080810547
2024-11-21,226.8735809326172,581.7196044921875,339.6400146484375,45.26218795776367,95.12242889404297,45.96549606323242,48.848087310791016,137.36317443847656,115.54586791992188,77.36419677734375,41.21247863769531,38.95793533325195,139.7094268798828,105.951904296875
2024-11-22,228.2138214111328,583.5226440429688,352.55999755859375,45.51371765136719,94.91669464111328,46.03648376464844,49.39333724975586,139.2768096923828,115.60525512695312,78.0797348022461,41.52326583862305,38.74861145019531,139.83555603027344,107.47957611083984
2024-11-25,231.19224548339844,585.5020751953125,338.5899963378906,45.98293685913086,95.40655517578125,45.127777099609375,49.71464538574219,140.14576721191406,115.60030364990234,78.50906372070312,42.07891845703125,38.819976806640625,141.02865600585938,108.57852172851562
2024-11-26,233.366455078125,588.5591430664062,338.2300109863281,45.63949203491211,95.75926208496094,45.066253662109375,49.81200408935547,140.31175231933594,116.1793212890625,78.83342742919922,42.28610610961914,39.43843078613281,141.78526306152344,108.97277069091797
2024-11-27,233.2373809814453,586.7757568359375,332.8900146484375,45.61530685424805,95.88662719726562,45.01892852783203,49.909366607666016,139.7942657470703,114.60559844970703,78.99563598632812,42.578060150146484,39.43843078613281,142.5418701171875,108.43561553955078
2024-11-29,235.6201171875,590.4208984375,345.1600036621094,45.847496032714844,96.40589141845703,45.212974548339844,49.98725891113281,140.58514404296875,115.66959381103516,79.39631652832031,42.38029098510742,39.452701568603516,142.98809814453125,109.54935455322266
2024-12-02,237.8638153076172,591.4791259765625,357.0899963378906,45.8184700012207,97.19947814941406,44.73495101928711,49.490699768066406,139.55020141601562,116.76823425292969,79.30093383789062,41.73987579345703,38.605892181396484,142.73585510253906,110.50537872314453
2024-12-03,240.90176391601562,591.7534790039062,351.4200134277344,45.6733512878418,97.9832534790039,44.730220794677734,49.12071228027344,138.6714630126953,117.18891143798828,78.89067840576172,41.49501037597656,38.27287292480469,142.41578674316406,110.42159271240234
2024-12-04,241.25917053222656,595.427978515625,357.92999267578125,45.22832489013672,98.2085952758789,43.651126861572266,48.93571853637695,139.2768096923828,119.33174896240234,78.6712417602539,41.38199996948242,38.26811981201172,142.33816528320312,111.44661712646484
2024-12-05,241.28897094726562,594.4481201171875,369.489990234375,44.63334655761719,97.9832534790039,43.821510314941406,49.08176803588867,137.58770751953125,118.72798919677734,78.98609161376953,41.278404235839844,38.38705825805664,140.7473602294922,112.3582992553711
2024-12-06,241.09039306640625,595.5750122070312,389.2200012207031,44.45920181274414,98.88461303710938,43.078453063964844,49.07202911376953,137.23622131347656,119.18822479248047,78.59493255615234,41.22189712524414,37.91132354736328,139.95196533203125,114.72373962402344
2024-12-09,244.9722442626953,592.508056640625,389.7900085449219,44.449527740478516,96.77819061279297,43.0074577331543,48.400211334228516,136.0450897216797,118.41126251220703,78.47090148925781,41.30665588378906,37.435585021972656,140.35935974121094,114.35906982421875
2024-12-10,245.98487854003906,590.6658935546875,400.989990234375,43.99483108520508,98.2967758178711,42.71402359008789,48.390472412109375,135.713134765625,116.76823425292969,78.84298706054688,40.63798904418945,37.1644172668457,139.77735900878906,114.54633331298828
2024-12-11,244.71412658691406,595.2319946289062,424.7699890136719,43.840030670166016,99.9035415649414,42.78501510620117,48.48783874511719,135.40066528320312,118.46074676513672,78.24192810058594,40.534393310546875,36.93130111694336,137.8761444091797,116.55694580078125
2024-12-12,246.17352294921875,592.1651611328125,418.1000061035156,43.53528594970703,100.0896987915039,42.439510345458984,48.27363586425781,134.53170776367188,117.79761505126953,78.47090148925781,40.506141662597656,36.91227340698242,136.78001403808594,115.591064453125
2024-12-13,246.34230041503906,592.0474853515625,436.2300109863281,43.16282272338867,98.89441680908203,42.22653579711914,48.23469161987305,134.18023681640625,118.30238342285156,78.27053833007812,40.33661651611328,36.936065673828125,136.7606658935547,116.04937744140625
2024-12-16,249.2313232421875,594.5755004882812,463.0199890136719,42.780677795410156,99.27651977539062,41.29889678955078,48.147064208984375,134.2974090576172,119.48516082763672,77.86030578613281,40.12942886352539,36.64110565185547,135.13104248046875,117.62139892578125
2024-12-17,251.6537322998047,592.1257934570312,479.8599853515625,42.54365539550781,98.53192138671875,40.99126434326172,47.806278228759766,133.0671844482422,118.76261901855469,77.72673034667969,39.95048904418945,36.48887252807617,135.03407287597656,117.99099731445312
2024-12-18,246.26287841796875,574.4784545898438,440.1300048828125,41.33433532714844,95.7200698852539,39.77965545654297,46.37501907348633,129.30825805664062,114.93222045898438,76.54370880126953,38.38711929321289,35.62779235839844,133.2007293701172,112.67369079589844
2024-12-19,247.99032592773438,574.302001953125,436.1700134277344,40.88930892944336,95.45555877685547,39.43415832519531,46.540531158447266,129.14227294921875,115.05593872070312,75.99989318847656,37.727882385253906,35.78954315185547,132.19192504882812,112.52091979980469
2024-12-20,252.656494140625,581.199951171875,421.05999755859375,41.39722442626953,95.97480773925781,39.82224655151367,47.23182678222656,130.65560913085938,116.77318572998047,76.26704406738281,38.41537857055664,36.36042785644531,133.86032104492188,112.8067398071289
2024-12-23,253.43084716796875,584.6803588867188,430.6000061035156,41.36513137817383,96.49933624267578,40.05610275268555,47.345252990722656,130.6261749267578,118.01043701171875,75.8652114868164,38.59053039550781,36.48417663574219,135.1972198486328,113.1489028930664
2024-12-24,256.3397216796875,591.1790771484375,462.2799987792969,41.58880615234375,97.41285705566406,40.394954681396484,47.9025993347168,131.64669799804688,119.22985076904297,76.36509704589844,38.8475456237793,36.68564224243164,135.75262451171875,115.76568603515625
2024-12-26,257.15380859375,591.2183837890625,454.1300048828125,41.52558898925781,97.28517150878906,40.361549377441406,48.019935607910156,131.74481201171875,119.30916595458984,76.60541534423828,38.9046630859375,36.599308013916016,136.02545166015625,115.33615112304688
2024-12-27,253.74853515625,584.9949951171875,431.6600036621094,41.30191421508789,96.42076110839844,40.35677719116211,47.667930603027344,130.7635498046875,117.72295379638672,76.23049926757812,38.59053039550781,36.4937744140625,135.39208984375,113.43034362792969
2024-12-30,250.38294982910156,578.3192138671875,417.4100036621094,40.74759292602539,95.40901184082031,40.35200500488281,47.20835876464844,129.4486541748047,116.22593688964844,75.33650207519531,38.409664154052734,36.34027862548828,133.72589111328125,111.60844421386719
